iso3c,date,ind_value,ind_metadata,ind_quality
ABW,2004,NaN,NA,0
ABW,2005,NaN,NA,0
ABW,2006,NaN,NA,0
ABW,2007,NaN,NA,0
ABW,2008,NaN,NA,0
ABW,2009,NaN,NA,0
ABW,2010,NaN,NA,0
ABW,2011,NaN,NA,0
ABW,2012,NaN,NA,0
ABW,2013,NaN,NA,0
ABW,2014,NaN,NA,0
ABW,2015,NaN,NA,0
ABW,2016,NaN,NA,0
ABW,2017,NaN,NA,0
ABW,2018,NaN,NA,0
ABW,2019,NaN,NA,0
AFG,2004,411.88436,CA,0.75
AFG,2005,NaN,NA,0
AFG,2006,NaN,NA,0
AFG,2007,NaN,NA,0
AFG,2008,NaN,NA,0
AFG,2009,NaN,NA,0
AFG,2010,NaN,NA,0
AFG,2011,NaN,NA,0
AFG,2012,NaN,NA,0
AFG,2013,519.11211,CA,0.75
AFG,2014,NaN,NA,0
AFG,2015,NaN,NA,0
AFG,2016,NaN,NA,0
AFG,2017,NaN,NA,0
AFG,2018,287.41949,CA,0.75
AFG,2019,NaN,NA,0
AGO,2004,NaN,NA,0
AGO,2005,NaN,NA,0
AGO,2006,NaN,NA,0
AGO,2007,327.84043,CA,0.75
AGO,2008,NaN,NA,0
AGO,2009,NaN,NA,0
AGO,2010,NaN,NA,0
AGO,2011,NaN,NA,0
AGO,2012,NaN,NA,0
AGO,2013,NaN,NA,0
AGO,2014,NaN,NA,0
AGO,2015,255.51563,CA,0.75
AGO,2016,NaN,NA,0
AGO,2017,NaN,NA,0
AGO,2018,NaN,NA,0
AGO,2019,NaN,NA,0
AIA,2004,NaN,NA,0
AIA,2005,NaN,NA,0
AIA,2006,NaN,NA,0
AIA,2007,NaN,NA,0
AIA,2008,NaN,NA,0
AIA,2009,NaN,NA,0
AIA,2010,NaN,NA,0
AIA,2011,NaN,NA,0
AIA,2012,NaN,NA,0
AIA,2013,NaN,NA,0
AIA,2014,NaN,NA,0
AIA,2015,NaN,NA,0
AIA,2016,NaN,NA,0
AIA,2017,NaN,NA,0
AIA,2018,NaN,NA,0
AIA,2019,NaN,NA,0
ALA,2004,NaN,NA,0
ALA,2005,NaN,NA,0
ALA,2006,NaN,NA,0
ALA,2007,NaN,NA,0
ALA,2008,NaN,NA,0
ALA,2009,NaN,NA,0
ALA,2010,NaN,NA,0
ALA,2011,NaN,NA,0
ALA,2012,NaN,NA,0
ALA,2013,NaN,NA,0
ALA,2014,NaN,NA,0
ALA,2015,NaN,NA,0
ALA,2016,NaN,NA,0
ALA,2017,NaN,NA,0
ALA,2018,NaN,NA,0
ALA,2019,NaN,NA,0
ALB,2004,NaN,NA,0
ALB,2005,16.07073,CA,0.75
ALB,2006,NaN,NA,0
ALB,2007,NaN,NA,0
ALB,2008,NaN,NA,0
ALB,2009,17.1772,CA,0.75
ALB,2010,NaN,NA,0
ALB,2011,NaN,NA,0
ALB,2012,NaN,NA,0
ALB,2013,NaN,NA,0
ALB,2014,NaN,NA,0
ALB,2015,NaN,NA,0
ALB,2016,NaN,NA,0
ALB,2017,2.79649,CA,0.75
ALB,2018,NaN,NA,0
ALB,2019,NaN,NA,0
AND,2004,NaN,NA,0
AND,2005,NaN,NA,0
AND,2006,NaN,NA,0
AND,2007,NaN,NA,0
AND,2008,NaN,NA,0
AND,2009,NaN,NA,0
AND,2010,NaN,NA,0
AND,2011,NaN,NA,0
AND,2012,NaN,NA,0
AND,2013,NaN,NA,0
AND,2014,NaN,NA,0
AND,2015,NaN,NA,0
AND,2016,NaN,NA,0
AND,2017,NaN,NA,0
AND,2018,NaN,NA,0
AND,2019,NaN,NA,0
ARE,2004,NaN,NA,0
ARE,2005,NaN,NA,0
ARE,2006,NaN,NA,0
ARE,2007,NaN,NA,0
ARE,2008,NaN,NA,0
ARE,2009,NaN,NA,0
ARE,2010,NaN,NA,0
ARE,2011,NaN,NA,0
ARE,2012,NaN,NA,0
ARE,2013,NaN,NA,0
ARE,2014,NaN,NA,0
ARE,2015,NaN,NA,0
ARE,2016,NaN,NA,0
ARE,2017,NaN,NA,0
ARE,2018,NaN,NA,0
ARE,2019,NaN,NA,0
ARG,2004,NaN,NA,0
ARG,2005,42.69979,CA,0.75
ARG,2006,NaN,NA,0
ARG,2007,NaN,NA,0
ARG,2008,NaN,NA,0
ARG,2009,NaN,NA,0
ARG,2010,NaN,NA,0
ARG,2011,NaN,NA,0
ARG,2012,NaN,NA,0
ARG,2013,NaN,NA,0
ARG,2014,NaN,NA,0
ARG,2015,NaN,NA,0
ARG,2016,NaN,NA,0
ARG,2017,NaN,NA,0
ARG,2018,NaN,NA,0
ARG,2019,59.87011,CA,0.75
ARM,2004,NaN,NA,0
ARM,2005,10.00892,CA,0.75
ARM,2006,NaN,NA,0
ARM,2007,NaN,NA,0
ARM,2008,NaN,NA,0
ARM,2009,NaN,NA,0
ARM,2010,8.30042,CA,0.75
ARM,2011,NaN,NA,0
ARM,2012,NaN,NA,0
ARM,2013,NaN,NA,0
ARM,2014,NaN,NA,0
ARM,2015,NaN,NA,0
ARM,2016,9.46618,CA,0.75
ARM,2017,NaN,NA,0
ARM,2018,NaN,NA,0
ARM,2019,NaN,NA,0
ASM,2004,NaN,NA,0
ASM,2005,NaN,NA,0
ASM,2006,NaN,NA,0
ASM,2007,NaN,NA,0
ASM,2008,NaN,NA,0
ASM,2009,NaN,NA,0
ASM,2010,NaN,NA,0
ASM,2011,NaN,NA,0
ASM,2012,NaN,NA,0
ASM,2013,NaN,NA,0
ASM,2014,NaN,NA,0
ASM,2015,NaN,NA,0
ASM,2016,NaN,NA,0
ASM,2017,NaN,NA,0
ASM,2018,NaN,NA,0
ASM,2019,NaN,NA,0
ATA,2004,NaN,NA,0
ATA,2005,NaN,NA,0
ATA,2006,NaN,NA,0
ATA,2007,NaN,NA,0
ATA,2008,NaN,NA,0
ATA,2009,NaN,NA,0
ATA,2010,NaN,NA,0
ATA,2011,NaN,NA,0
ATA,2012,NaN,NA,0
ATA,2013,NaN,NA,0
ATA,2014,NaN,NA,0
ATA,2015,NaN,NA,0
ATA,2016,NaN,NA,0
ATA,2017,NaN,NA,0
ATA,2018,NaN,NA,0
ATA,2019,NaN,NA,0
ATF,2004,NaN,NA,0
ATF,2005,NaN,NA,0
ATF,2006,NaN,NA,0
ATF,2007,NaN,NA,0
ATF,2008,NaN,NA,0
ATF,2009,NaN,NA,0
ATF,2010,NaN,NA,0
ATF,2011,NaN,NA,0
ATF,2012,NaN,NA,0
ATF,2013,NaN,NA,0
ATF,2014,NaN,NA,0
ATF,2015,NaN,NA,0
ATF,2016,NaN,NA,0
ATF,2017,NaN,NA,0
ATF,2018,NaN,NA,0
ATF,2019,NaN,NA,0
ATG,2004,NaN,NA,0
ATG,2005,NaN,NA,0
ATG,2006,NaN,NA,0
ATG,2007,NaN,NA,0
ATG,2008,NaN,NA,0
ATG,2009,NaN,NA,0
ATG,2010,NaN,NA,0
ATG,2011,NaN,NA,0
ATG,2012,NaN,NA,0
ATG,2013,NaN,NA,0
ATG,2014,NaN,NA,0
ATG,2015,NaN,NA,0
ATG,2016,NaN,NA,0
ATG,2017,NaN,NA,0
ATG,2018,NaN,NA,0
ATG,2019,NaN,NA,0
AUS,2004,NaN,NA,0
AUS,2005,NaN,NA,0
AUS,2006,NaN,NA,0
AUS,2007,0,CA,0.75
AUS,2008,NaN,NA,0
AUS,2009,NaN,NA,0
AUS,2010,NaN,NA,0
AUS,2011,NaN,NA,0
AUS,2012,NaN,NA,0
AUS,2013,NaN,NA,0
AUS,2014,NaN,NA,0
AUS,2015,NaN,NA,0
AUS,2016,NaN,NA,0
AUS,2017,NaN,NA,0
AUS,2018,NaN,NA,0
AUS,2019,NaN,NA,0
AUT,2004,NaN,NA,0
AUT,2005,NaN,NA,0
AUT,2006,NaN,NA,0
AUT,2007,NaN,NA,0
AUT,2008,NaN,NA,0
AUT,2009,NaN,NA,0
AUT,2010,NaN,NA,0
AUT,2011,NaN,NA,0
AUT,2012,NaN,NA,0
AUT,2013,NaN,NA,0
AUT,2014,NaN,NA,0
AUT,2015,NaN,NA,0
AUT,2016,NaN,NA,0
AUT,2017,NaN,NA,0
AUT,2018,NaN,NA,0
AUT,2019,NaN,NA,0
AZE,2004,NaN,NA,0
AZE,2005,NaN,NA,0
AZE,2006,44.65546,CA,0.75
AZE,2007,NaN,NA,0
AZE,2008,NaN,NA,0
AZE,2009,NaN,NA,0
AZE,2010,NaN,NA,0
AZE,2011,48.46684,CA,0.75
AZE,2012,NaN,NA,0
AZE,2013,25.58176,CA,0.75
AZE,2014,NaN,NA,0
AZE,2015,NaN,NA,0
AZE,2016,NaN,NA,0
AZE,2017,NaN,NA,0
AZE,2018,NaN,NA,0
AZE,2019,NaN,NA,0
BDI,2004,NaN,NA,0
BDI,2005,117.61425,CA,0.75
BDI,2006,NaN,NA,0
BDI,2007,NaN,NA,0
BDI,2008,NaN,NA,0
BDI,2009,NaN,NA,0
BDI,2010,94.42093,CA,0.75
BDI,2011,NaN,NA,0
BDI,2012,NaN,NA,0
BDI,2013,NaN,NA,0
BDI,2014,NaN,NA,0
BDI,2015,NaN,NA,0
BDI,2016,97.08329,CA,0.75
BDI,2017,NaN,NA,0
BDI,2018,NaN,NA,0
BDI,2019,102.95355,CA,0.75
BEL,2004,NaN,NA,0
BEL,2005,NaN,NA,0
BEL,2006,NaN,NA,0
BEL,2007,NaN,NA,0
BEL,2008,NaN,NA,0
BEL,2009,NaN,NA,0
BEL,2010,NaN,NA,0
BEL,2011,NaN,NA,0
BEL,2012,NaN,NA,0
BEL,2013,NaN,NA,0
BEL,2014,NaN,NA,0
BEL,2015,NaN,NA,0
BEL,2016,NaN,NA,0
BEL,2017,NaN,NA,0
BEL,2018,NaN,NA,0
BEL,2019,NaN,NA,0
BEN,2004,NaN,NA,0
BEN,2005,NaN,NA,0
BEN,2006,NaN,NA,0
BEN,2007,NaN,NA,0
BEN,2008,NaN,NA,0
BEN,2009,NaN,NA,0
BEN,2010,NaN,NA,0
BEN,2011,NaN,NA,0
BEN,2012,NaN,NA,0
BEN,2013,NaN,NA,0
BEN,2014,76.10371,CA,0.75
BEN,2015,NaN,NA,0
BEN,2016,NaN,NA,0
BEN,2017,NaN,NA,0
BEN,2018,91.43863,CA,0.75
BEN,2019,NaN,NA,0
BES,2004,NaN,NA,0
BES,2005,NaN,NA,0
BES,2006,NaN,NA,0
BES,2007,NaN,NA,0
BES,2008,NaN,NA,0
BES,2009,NaN,NA,0
BES,2010,NaN,NA,0
BES,2011,NaN,NA,0
BES,2012,NaN,NA,0
BES,2013,NaN,NA,0
BES,2014,NaN,NA,0
BES,2015,NaN,NA,0
BES,2016,NaN,NA,0
BES,2017,NaN,NA,0
BES,2018,NaN,NA,0
BES,2019,NaN,NA,0
BFA,2004,NaN,NA,0
BFA,2005,NaN,NA,0
BFA,2006,624.99319,CA,0.75
BFA,2007,NaN,NA,0
BFA,2008,NaN,NA,0
BFA,2009,313.43273,CA,0.75
BFA,2010,441.10738,CA,0.75
BFA,2011,303.56388,CA,0.75
BFA,2012,320.39784,CA,0.75
BFA,2013,246.60248,CA,0.75
BFA,2014,265.07343,CA,0.75
BFA,2015,NaN,NA,0
BFA,2016,241.78234,CA,0.75
BFA,2017,283.41696,CA,0.75
BFA,2018,280.46804,CA,0.75
BFA,2019,NaN,NA,0
BGD,2004,2383.02308,CA,0.75
BGD,2005,1906.49143,CA,0.75
BGD,2006,1913.26308,CA,0.75
BGD,2007,2781.16893,CA,0.75
BGD,2008,NaN,NA,0
BGD,2009,NaN,NA,0
BGD,2010,NaN,NA,0
BGD,2011,2365.0524,CA,0.75
BGD,2012,NaN,NA,0
BGD,2013,2686.84871,CA,0.75
BGD,2014,2123.34455,CA,0.75
BGD,2015,NaN,NA,0
BGD,2016,NaN,NA,0
BGD,2017,NaN,NA,0
BGD,2018,1219.39549,CA,0.75
BGD,2019,NaN,NA,0
BGR,2004,10.34467,CA,0.75
BGR,2005,NaN,NA,0
BGR,2006,NaN,NA,0
BGR,2007,16.2576,CA,0.75
BGR,2008,NaN,NA,0
BGR,2009,NaN,NA,0
BGR,2010,NaN,NA,0
BGR,2011,NaN,NA,0
BGR,2012,NaN,NA,0
BGR,2013,NaN,NA,0
BGR,2014,21.89634,CA,0.75
BGR,2015,NaN,NA,0
BGR,2016,NaN,NA,0
BGR,2017,NaN,NA,0
BGR,2018,NaN,NA,0
BGR,2019,NaN,NA,0
BHR,2004,NaN,NA,0
BHR,2005,NaN,NA,0
BHR,2006,NaN,NA,0
BHR,2007,NaN,NA,0
BHR,2008,NaN,NA,0
BHR,2009,NaN,NA,0
BHR,2010,NaN,NA,0
BHR,2011,NaN,NA,0
BHR,2012,NaN,NA,0
BHR,2013,NaN,NA,0
BHR,2014,NaN,NA,0
BHR,2015,NaN,NA,0
BHR,2016,NaN,NA,0
BHR,2017,NaN,NA,0
BHR,2018,NaN,NA,0
BHR,2019,NaN,NA,0
BHS,2004,NaN,NA,0
BHS,2005,NaN,NA,0
BHS,2006,NaN,NA,0
BHS,2007,NaN,NA,0
BHS,2008,NaN,NA,0
BHS,2009,NaN,NA,0
BHS,2010,NaN,NA,0
BHS,2011,NaN,NA,0
BHS,2012,NaN,NA,0
BHS,2013,NaN,NA,0
BHS,2014,NaN,NA,0
BHS,2015,NaN,NA,0
BHS,2016,NaN,NA,0
BHS,2017,NaN,NA,0
BHS,2018,NaN,NA,0
BHS,2019,NaN,NA,0
BIH,2004,NaN,NA,0
BIH,2005,NaN,NA,0
BIH,2006,6.65197,CA,0.75
BIH,2007,NaN,NA,0
BIH,2008,NaN,NA,0
BIH,2009,NaN,NA,0
BIH,2010,NaN,NA,0
BIH,2011,NaN,NA,0
BIH,2012,4.29692,CA,0.75
BIH,2013,NaN,NA,0
BIH,2014,NaN,NA,0
BIH,2015,NaN,NA,0
BIH,2016,NaN,NA,0
BIH,2017,NaN,NA,0
BIH,2018,NaN,NA,0
BIH,2019,NaN,NA,0
BLM,2004,NaN,NA,0
BLM,2005,NaN,NA,0
BLM,2006,NaN,NA,0
BLM,2007,NaN,NA,0
BLM,2008,NaN,NA,0
BLM,2009,NaN,NA,0
BLM,2010,NaN,NA,0
BLM,2011,NaN,NA,0
BLM,2012,NaN,NA,0
BLM,2013,NaN,NA,0
BLM,2014,NaN,NA,0
BLM,2015,NaN,NA,0
BLM,2016,NaN,NA,0
BLM,2017,NaN,NA,0
BLM,2018,NaN,NA,0
BLM,2019,NaN,NA,0
BLR,2004,NaN,NA,0
BLR,2005,9.83428,CA,0.75
BLR,2006,NaN,NA,0
BLR,2007,NaN,NA,0
BLR,2008,NaN,NA,0
BLR,2009,NaN,NA,0
BLR,2010,NaN,NA,0
BLR,2011,NaN,NA,0
BLR,2012,NaN,NA,0
BLR,2013,NaN,NA,0
BLR,2014,NaN,NA,0
BLR,2015,NaN,NA,0
BLR,2016,NaN,NA,0
BLR,2017,NaN,NA,0
BLR,2018,NaN,NA,0
BLR,2019,NaN,NA,0
BLZ,2004,NaN,NA,0
BLZ,2005,NaN,NA,0
BLZ,2006,0.71181,CA,0.75
BLZ,2007,NaN,NA,0
BLZ,2008,NaN,NA,0
BLZ,2009,NaN,NA,0
BLZ,2010,NaN,NA,0
BLZ,2011,1.23304,CA,0.75
BLZ,2012,NaN,NA,0
BLZ,2013,NaN,NA,0
BLZ,2014,NaN,NA,0
BLZ,2015,0.6818,CA,0.75
BLZ,2016,NaN,NA,0
BLZ,2017,NaN,NA,0
BLZ,2018,NaN,NA,0
BLZ,2019,NaN,NA,0
BMU,2004,NaN,NA,0
BMU,2005,NaN,NA,0
BMU,2006,NaN,NA,0
BMU,2007,NaN,NA,0
BMU,2008,NaN,NA,0
BMU,2009,NaN,NA,0
BMU,2010,NaN,NA,0
BMU,2011,NaN,NA,0
BMU,2012,NaN,NA,0
BMU,2013,NaN,NA,0
BMU,2014,NaN,NA,0
BMU,2015,NaN,NA,0
BMU,2016,NaN,NA,0
BMU,2017,NaN,NA,0
BMU,2018,NaN,NA,0
BMU,2019,NaN,NA,0
BOL,2004,NaN,NA,0
BOL,2005,NaN,NA,0
BOL,2006,NaN,NA,0
BOL,2007,NaN,NA,0
BOL,2008,16.84937,CA,0.75
BOL,2009,NaN,NA,0
BOL,2010,NaN,NA,0
BOL,2011,NaN,NA,0
BOL,2012,18.33178,CA,0.75
BOL,2013,NaN,NA,0
BOL,2014,NaN,NA,0
BOL,2015,NaN,NA,0
BOL,2016,23.45811,CA,0.75
BOL,2017,NaN,NA,0
BOL,2018,NaN,NA,0
BOL,2019,NaN,NA,0
BRA,2004,NaN,NA,0
BRA,2005,NaN,NA,0
BRA,2006,NaN,NA,0
BRA,2007,285.91609,CA,0.75
BRA,2008,NaN,NA,0
BRA,2009,NaN,NA,0
BRA,2010,NaN,NA,0
BRA,2011,NaN,NA,0
BRA,2012,NaN,NA,0
BRA,2013,NaN,NA,0
BRA,2014,NaN,NA,0
BRA,2015,NaN,NA,0
BRA,2016,NaN,NA,0
BRA,2017,NaN,NA,0
BRA,2018,NaN,NA,0
BRA,2019,NaN,NA,0
BRB,2004,NaN,NA,0
BRB,2005,NaN,NA,0
BRB,2006,NaN,NA,0
BRB,2007,NaN,NA,0
BRB,2008,NaN,NA,0
BRB,2009,NaN,NA,0
BRB,2010,NaN,NA,0
BRB,2011,NaN,NA,0
BRB,2012,1.12742,CA,0.75
BRB,2013,NaN,NA,0
BRB,2014,NaN,NA,0
BRB,2015,NaN,NA,0
BRB,2016,NaN,NA,0
BRB,2017,NaN,NA,0
BRB,2018,NaN,NA,0
BRB,2019,NaN,NA,0
BRN,2004,NaN,NA,0
BRN,2005,NaN,NA,0
BRN,2006,NaN,NA,0
BRN,2007,NaN,NA,0
BRN,2008,NaN,NA,0
BRN,2009,0.90877,CA,0.75
BRN,2010,NaN,NA,0
BRN,2011,NaN,NA,0
BRN,2012,NaN,NA,0
BRN,2013,NaN,NA,0
BRN,2014,NaN,NA,0
BRN,2015,NaN,NA,0
BRN,2016,NaN,NA,0
BRN,2017,NaN,NA,0
BRN,2018,NaN,NA,0
BRN,2019,NaN,NA,0
BTN,2004,NaN,NA,0
BTN,2005,NaN,NA,0
BTN,2006,NaN,NA,0
BTN,2007,NaN,NA,0
BTN,2008,3.06499,CA,0.75
BTN,2009,NaN,NA,0
BTN,2010,3.91856,CA,0.75
BTN,2011,NaN,NA,0
BTN,2012,NaN,NA,0
BTN,2013,NaN,NA,0
BTN,2014,NaN,NA,0
BTN,2015,NaN,NA,0
BTN,2016,NaN,NA,0
BTN,2017,NaN,NA,0
BTN,2018,NaN,NA,0
BTN,2019,NaN,NA,0
BVT,2004,NaN,NA,0
BVT,2005,NaN,NA,0
BVT,2006,NaN,NA,0
BVT,2007,NaN,NA,0
BVT,2008,NaN,NA,0
BVT,2009,NaN,NA,0
BVT,2010,NaN,NA,0
BVT,2011,NaN,NA,0
BVT,2012,NaN,NA,0
BVT,2013,NaN,NA,0
BVT,2014,NaN,NA,0
BVT,2015,NaN,NA,0
BVT,2016,NaN,NA,0
BVT,2017,NaN,NA,0
BVT,2018,NaN,NA,0
BVT,2019,NaN,NA,0
BWA,2004,NaN,NA,0
BWA,2005,NaN,NA,0
BWA,2006,NaN,NA,0
BWA,2007,17.88809,CA,0.75
BWA,2008,NaN,NA,0
BWA,2009,NaN,NA,0
BWA,2010,NaN,NA,0
BWA,2011,NaN,NA,0
BWA,2012,NaN,NA,0
BWA,2013,NaN,NA,0
BWA,2014,NaN,NA,0
BWA,2015,NaN,NA,0
BWA,2016,NaN,NA,0
BWA,2017,NaN,NA,0
BWA,2018,NaN,NA,0
BWA,2019,NaN,NA,0
CAF,2004,NaN,NA,0
CAF,2005,NaN,NA,0
CAF,2006,84.64512,CA,0.75
CAF,2007,NaN,NA,0
CAF,2008,NaN,NA,0
CAF,2009,NaN,NA,0
CAF,2010,53.9703,CA,0.75
CAF,2011,NaN,NA,0
CAF,2012,54.82501,CA,0.75
CAF,2013,NaN,NA,0
CAF,2014,NaN,NA,0
CAF,2015,NaN,NA,0
CAF,2016,NaN,NA,0
CAF,2017,NaN,NA,0
CAF,2018,48.01051,CA,0.75
CAF,2019,NaN,NA,0
CAN,2004,NaN,NA,0
CAN,2005,NaN,NA,0
CAN,2006,NaN,NA,0
CAN,2007,NaN,NA,0
CAN,2008,NaN,NA,0
CAN,2009,NaN,NA,0
CAN,2010,NaN,NA,0
CAN,2011,NaN,NA,0
CAN,2012,NaN,NA,0
CAN,2013,NaN,NA,0
CAN,2014,NaN,NA,0
CAN,2015,NaN,NA,0
CAN,2016,NaN,NA,0
CAN,2017,NaN,NA,0
CAN,2018,NaN,NA,0
CAN,2019,NaN,NA,0
CCK,2004,NaN,NA,0
CCK,2005,NaN,NA,0
CCK,2006,NaN,NA,0
CCK,2007,NaN,NA,0
CCK,2008,NaN,NA,0
CCK,2009,NaN,NA,0
CCK,2010,NaN,NA,0
CCK,2011,NaN,NA,0
CCK,2012,NaN,NA,0
CCK,2013,NaN,NA,0
CCK,2014,NaN,NA,0
CCK,2015,NaN,NA,0
CCK,2016,NaN,NA,0
CCK,2017,NaN,NA,0
CCK,2018,NaN,NA,0
CCK,2019,NaN,NA,0
CHE,2004,NaN,NA,0
CHE,2005,NaN,NA,0
CHE,2006,NaN,NA,0
CHE,2007,NaN,NA,0
CHE,2008,NaN,NA,0
CHE,2009,NaN,NA,0
CHE,2010,NaN,NA,0
CHE,2011,NaN,NA,0
CHE,2012,NaN,NA,0
CHE,2013,NaN,NA,0
CHE,2014,NaN,NA,0
CHE,2015,NaN,NA,0
CHE,2016,NaN,NA,0
CHE,2017,NaN,NA,0
CHE,2018,NaN,NA,0
CHE,2019,NaN,NA,0
CHL,2004,6.10152,CA,0.75
CHL,2005,NaN,NA,0
CHL,2006,6.04003,CA,0.75
CHL,2007,3.62801,CA,0.75
CHL,2008,3.63905,CA,0.75
CHL,2009,NaN,NA,0
CHL,2010,NaN,NA,0
CHL,2011,NaN,NA,0
CHL,2012,NaN,NA,0
CHL,2013,3.74309,CA,0.75
CHL,2014,3.73501,CA,0.75
CHL,2015,NaN,NA,0
CHL,2016,NaN,NA,0
CHL,2017,NaN,NA,0
CHL,2018,NaN,NA,0
CHL,2019,NaN,NA,0
CHN,2004,NaN,NA,0
CHN,2005,2410.64281,CA,0.75
CHN,2006,NaN,NA,0
CHN,2007,NaN,NA,0
CHN,2008,2151.42047,CA,0.75
CHN,2009,2180.16113,CA,0.75
CHN,2010,1946.70287,CA,0.75
CHN,2011,NaN,NA,0
CHN,2012,NaN,NA,0
CHN,2013,1647.62963,CA,0.75
CHN,2014,NaN,NA,0
CHN,2015,NaN,NA,0
CHN,2016,NaN,NA,0
CHN,2017,NaN,NA,0
CHN,2018,NaN,NA,0
CHN,2019,NaN,NA,0
CIV,2004,NaN,NA,0
CIV,2005,NaN,NA,0
CIV,2006,264.65628,CA,0.75
CIV,2007,448.18998,CA,0.75
CIV,2008,NaN,NA,0
CIV,2009,NaN,NA,0
CIV,2010,NaN,NA,0
CIV,2011,NaN,NA,0
CIV,2012,263.05094,CA,0.75
CIV,2013,NaN,NA,0
CIV,2014,NaN,NA,0
CIV,2015,NaN,NA,0
CIV,2016,230.31905,CA,0.75
CIV,2017,NaN,NA,0
CIV,2018,NaN,NA,0
CIV,2019,NaN,NA,0
CMR,2004,182.02726,CA,0.75
CMR,2005,NaN,NA,0
CMR,2006,238.33868,CA,0.75
CMR,2007,NaN,NA,0
CMR,2008,NaN,NA,0
CMR,2009,NaN,NA,0
CMR,2010,NaN,NA,0
CMR,2011,202.26374,CA,0.75
CMR,2012,NaN,NA,0
CMR,2013,NaN,NA,0
CMR,2014,196.0585,CA,0.75
CMR,2015,NaN,NA,0
CMR,2016,NaN,NA,0
CMR,2017,NaN,NA,0
CMR,2018,172.12956,CA,0.75
CMR,2019,NaN,NA,0
COD,2004,NaN,NA,0
COD,2005,NaN,NA,0
COD,2006,NaN,NA,0
COD,2007,1138.777,CA,0.75
COD,2008,NaN,NA,0
COD,2009,NaN,NA,0
COD,2010,1031.53844,CA,0.75
COD,2011,NaN,NA,0
COD,2012,NaN,NA,0
COD,2013,1085.07771,CA,0.75
COD,2014,NaN,NA,0
COD,2015,NaN,NA,0
COD,2016,NaN,NA,0
COD,2017,NaN,NA,0
COD,2018,NaN,NA,0
COD,2019,NaN,NA,0
COG,2004,NaN,NA,0
COG,2005,47.72513,CA,0.75
COG,2006,NaN,NA,0
COG,2007,NaN,NA,0
COG,2008,NaN,NA,0
COG,2009,NaN,NA,0
COG,2010,NaN,NA,0
COG,2011,43.69546,CA,0.75
COG,2012,NaN,NA,0
COG,2013,NaN,NA,0
COG,2014,62.78028,CA,0.75
COG,2015,NaN,NA,0
COG,2016,NaN,NA,0
COG,2017,NaN,NA,0
COG,2018,NaN,NA,0
COG,2019,NaN,NA,0
COK,2004,NaN,NA,0
COK,2005,NaN,NA,0
COK,2006,NaN,NA,0
COK,2007,NaN,NA,0
COK,2008,NaN,NA,0
COK,2009,NaN,NA,0
COK,2010,NaN,NA,0
COK,2011,NaN,NA,0
COK,2012,NaN,NA,0
COK,2013,NaN,NA,0
COK,2014,NaN,NA,0
COK,2015,NaN,NA,0
COK,2016,NaN,NA,0
COK,2017,NaN,NA,0
COK,2018,NaN,NA,0
COK,2019,NaN,NA,0
COL,2004,66.40346,CA,0.75
COL,2005,NaN,NA,0
COL,2006,NaN,NA,0
COL,2007,NaN,NA,0
COL,2008,NaN,NA,0
COL,2009,NaN,NA,0
COL,2010,34.46798,CA,0.75
COL,2011,NaN,NA,0
COL,2012,NaN,NA,0
COL,2013,NaN,NA,0
COL,2014,NaN,NA,0
COL,2015,NaN,NA,0
COL,2016,60.86668,CA,0.75
COL,2017,NaN,NA,0
COL,2018,NaN,NA,0
COL,2019,NaN,NA,0
COM,2004,NaN,NA,0
COM,2005,NaN,NA,0
COM,2006,NaN,NA,0
COM,2007,NaN,NA,0
COM,2008,NaN,NA,0
COM,2009,NaN,NA,0
COM,2010,NaN,NA,0
COM,2011,NaN,NA,0
COM,2012,12.4894,CA,0.75
COM,2013,NaN,NA,0
COM,2014,NaN,NA,0
COM,2015,NaN,NA,0
COM,2016,NaN,NA,0
COM,2017,NaN,NA,0
COM,2018,NaN,NA,0
COM,2019,NaN,NA,0
CPV,2004,NaN,NA,0
CPV,2005,NaN,NA,0
CPV,2006,NaN,NA,0
CPV,2007,NaN,NA,0
CPV,2008,NaN,NA,0
CPV,2009,NaN,NA,0
CPV,2010,NaN,NA,0
CPV,2011,NaN,NA,0
CPV,2012,NaN,NA,0
CPV,2013,NaN,NA,0
CPV,2014,NaN,NA,0
CPV,2015,NaN,NA,0
CPV,2016,NaN,NA,0
CPV,2017,NaN,NA,0
CPV,2018,NaN,NA,0
CPV,2019,NaN,NA,0
CRI,2004,NaN,NA,0
CRI,2005,NaN,NA,0
CRI,2006,NaN,NA,0
CRI,2007,NaN,NA,0
CRI,2008,3.52888,CA,0.75
CRI,2009,NaN,NA,0
CRI,2010,NaN,NA,0
CRI,2011,NaN,NA,0
CRI,2012,NaN,NA,0
CRI,2013,NaN,NA,0
CRI,2014,NaN,NA,0
CRI,2015,NaN,NA,0
CRI,2016,NaN,NA,0
CRI,2017,NaN,NA,0
CRI,2018,NaN,NA,0
CRI,2019,NaN,NA,0
CUB,2004,NaN,NA,0
CUB,2005,NaN,NA,0
CUB,2006,NaN,NA,0
CUB,2007,NaN,NA,0
CUB,2008,NaN,NA,0
CUB,2009,NaN,NA,0
CUB,2010,NaN,NA,0
CUB,2011,NaN,NA,0
CUB,2012,NaN,NA,0
CUB,2013,NaN,NA,0
CUB,2014,NaN,NA,0
CUB,2015,NaN,NA,0
CUB,2016,NaN,NA,0
CUB,2017,NaN,NA,0
CUB,2018,NaN,NA,0
CUB,2019,NaN,NA,0
CUW,2004,NaN,NA,0
CUW,2005,NaN,NA,0
CUW,2006,NaN,NA,0
CUW,2007,NaN,NA,0
CUW,2008,NaN,NA,0
CUW,2009,NaN,NA,0
CUW,2010,NaN,NA,0
CUW,2011,NaN,NA,0
CUW,2012,NaN,NA,0
CUW,2013,NaN,NA,0
CUW,2014,NaN,NA,0
CUW,2015,NaN,NA,0
CUW,2016,NaN,NA,0
CUW,2017,NaN,NA,0
CUW,2018,NaN,NA,0
CUW,2019,NaN,NA,0
CXR,2004,NaN,NA,0
CXR,2005,NaN,NA,0
CXR,2006,NaN,NA,0
CXR,2007,NaN,NA,0
CXR,2008,NaN,NA,0
CXR,2009,NaN,NA,0
CXR,2010,NaN,NA,0
CXR,2011,NaN,NA,0
CXR,2012,NaN,NA,0
CXR,2013,NaN,NA,0
CXR,2014,NaN,NA,0
CXR,2015,NaN,NA,0
CXR,2016,NaN,NA,0
CXR,2017,NaN,NA,0
CXR,2018,NaN,NA,0
CXR,2019,NaN,NA,0
CYM,2004,NaN,NA,0
CYM,2005,NaN,NA,0
CYM,2006,NaN,NA,0
CYM,2007,NaN,NA,0
CYM,2008,NaN,NA,0
CYM,2009,NaN,NA,0
CYM,2010,NaN,NA,0
CYM,2011,NaN,NA,0
CYM,2012,NaN,NA,0
CYM,2013,NaN,NA,0
CYM,2014,NaN,NA,0
CYM,2015,NaN,NA,0
CYM,2016,NaN,NA,0
CYM,2017,NaN,NA,0
CYM,2018,NaN,NA,0
CYM,2019,NaN,NA,0
CYP,2004,NaN,NA,0
CYP,2005,NaN,NA,0
CYP,2006,NaN,NA,0
CYP,2007,NaN,NA,0
CYP,2008,NaN,NA,0
CYP,2009,NaN,NA,0
CYP,2010,NaN,NA,0
CYP,2011,NaN,NA,0
CYP,2012,NaN,NA,0
CYP,2013,NaN,NA,0
CYP,2014,NaN,NA,0
CYP,2015,NaN,NA,0
CYP,2016,NaN,NA,0
CYP,2017,NaN,NA,0
CYP,2018,NaN,NA,0
CYP,2019,NaN,NA,0
CZE,2004,NaN,NA,0
CZE,2005,NaN,NA,0
CZE,2006,NaN,NA,0
CZE,2007,NaN,NA,0
CZE,2008,NaN,NA,0
CZE,2009,NaN,NA,0
CZE,2010,NaN,NA,0
CZE,2011,NaN,NA,0
CZE,2012,NaN,NA,0
CZE,2013,NaN,NA,0
CZE,2014,NaN,NA,0
CZE,2015,NaN,NA,0
CZE,2016,NaN,NA,0
CZE,2017,NaN,NA,0
CZE,2018,NaN,NA,0
CZE,2019,NaN,NA,0
DEU,2004,36.79491,CA,0.75
DEU,2005,NaN,NA,0
DEU,2006,NaN,NA,0
DEU,2007,NaN,NA,0
DEU,2008,NaN,NA,0
DEU,2009,NaN,NA,0
DEU,2010,NaN,NA,0
DEU,2011,NaN,NA,0
DEU,2012,NaN,NA,0
DEU,2013,NaN,NA,0
DEU,2014,NaN,NA,0
DEU,2015,NaN,NA,0
DEU,2016,10.81167,CA,0.75
DEU,2017,NaN,NA,0
DEU,2018,NaN,NA,0
DEU,2019,NaN,NA,0
DJI,2004,NaN,NA,0
DJI,2005,NaN,NA,0
DJI,2006,NaN,NA,0
DJI,2007,NaN,NA,0
DJI,2008,NaN,NA,0
DJI,2009,NaN,NA,0
DJI,2010,NaN,NA,0
DJI,2011,NaN,NA,0
DJI,2012,19.85007,CA,0.75
DJI,2013,NaN,NA,0
DJI,2014,NaN,NA,0
DJI,2015,NaN,NA,0
DJI,2016,NaN,NA,0
DJI,2017,NaN,NA,0
DJI,2018,NaN,NA,0
DJI,2019,NaN,NA,0
DMA,2004,NaN,NA,0
DMA,2005,NaN,NA,0
DMA,2006,NaN,NA,0
DMA,2007,NaN,NA,0
DMA,2008,NaN,NA,0
DMA,2009,NaN,NA,0
DMA,2010,NaN,NA,0
DMA,2011,NaN,NA,0
DMA,2012,NaN,NA,0
DMA,2013,NaN,NA,0
DMA,2014,NaN,NA,0
DMA,2015,NaN,NA,0
DMA,2016,NaN,NA,0
DMA,2017,NaN,NA,0
DMA,2018,NaN,NA,0
DMA,2019,NaN,NA,0
DNK,2004,NaN,NA,0
DNK,2005,NaN,NA,0
DNK,2006,NaN,NA,0
DNK,2007,NaN,NA,0
DNK,2008,NaN,NA,0
DNK,2009,NaN,NA,0
DNK,2010,NaN,NA,0
DNK,2011,NaN,NA,0
DNK,2012,NaN,NA,0
DNK,2013,NaN,NA,0
DNK,2014,NaN,NA,0
DNK,2015,NaN,NA,0
DNK,2016,NaN,NA,0
DNK,2017,NaN,NA,0
DNK,2018,NaN,NA,0
DNK,2019,NaN,NA,0
DOM,2004,NaN,NA,0
DOM,2005,NaN,NA,0
DOM,2006,18.88564,CA,0.75
DOM,2007,22.78539,CA,0.75
DOM,2008,NaN,NA,0
DOM,2009,NaN,NA,0
DOM,2010,NaN,NA,0
DOM,2011,NaN,NA,0
DOM,2012,NaN,NA,0
DOM,2013,23.75476,CA,0.75
DOM,2014,NaN,NA,0
DOM,2015,NaN,NA,0
DOM,2016,NaN,NA,0
DOM,2017,NaN,NA,0
DOM,2018,NaN,NA,0
DOM,2019,NaN,NA,0
DZA,2004,NaN,NA,0
DZA,2005,NaN,NA,0
DZA,2006,127.25813,CA,0.75
DZA,2007,NaN,NA,0
DZA,2008,NaN,NA,0
DZA,2009,NaN,NA,0
DZA,2010,NaN,NA,0
DZA,2011,NaN,NA,0
DZA,2012,176.53882,CA,0.75
DZA,2013,NaN,NA,0
DZA,2014,NaN,NA,0
DZA,2015,NaN,NA,0
DZA,2016,NaN,NA,0
DZA,2017,NaN,NA,0
DZA,2018,NaN,NA,0
DZA,2019,NaN,NA,0
ECU,2004,31.70945,CA,0.75
ECU,2005,NaN,NA,0
ECU,2006,32.9349,CA,0.75
ECU,2007,NaN,NA,0
ECU,2008,NaN,NA,0
ECU,2009,NaN,NA,0
ECU,2010,NaN,NA,0
ECU,2011,NaN,NA,0
ECU,2012,37.32455,CA,0.75
ECU,2013,NaN,NA,0
ECU,2014,25.97947,CA,0.75
ECU,2015,NaN,NA,0
ECU,2016,NaN,NA,0
ECU,2017,NaN,NA,0
ECU,2018,NaN,NA,0
ECU,2019,NaN,NA,0
EGY,2004,NaN,NA,0
EGY,2005,468.07526,CA,0.75
EGY,2006,NaN,NA,0
EGY,2007,NaN,NA,0
EGY,2008,725.71783,CA,0.75
EGY,2009,NaN,NA,0
EGY,2010,NaN,NA,0
EGY,2011,NaN,NA,0
EGY,2012,NaN,NA,0
EGY,2013,NaN,NA,0
EGY,2014,1132.56157,CA,0.75
EGY,2015,NaN,NA,0
EGY,2016,NaN,NA,0
EGY,2017,NaN,NA,0
EGY,2018,NaN,NA,0
EGY,2019,NaN,NA,0
ERI,2004,NaN,NA,0
ERI,2005,NaN,NA,0
ERI,2006,NaN,NA,0
ERI,2007,NaN,NA,0
ERI,2008,NaN,NA,0
ERI,2009,NaN,NA,0
ERI,2010,76.58469,CA,0.75
ERI,2011,NaN,NA,0
ERI,2012,NaN,NA,0
ERI,2013,NaN,NA,0
ERI,2014,NaN,NA,0
ERI,2015,NaN,NA,0
ERI,2016,NaN,NA,0
ERI,2017,NaN,NA,0
ERI,2018,NaN,NA,0
ERI,2019,NaN,NA,0
ESH,2004,NaN,NA,0
ESH,2005,NaN,NA,0
ESH,2006,NaN,NA,0
ESH,2007,NaN,NA,0
ESH,2008,NaN,NA,0
ESH,2009,NaN,NA,0
ESH,2010,NaN,NA,0
ESH,2011,NaN,NA,0
ESH,2012,NaN,NA,0
ESH,2013,NaN,NA,0
ESH,2014,NaN,NA,0
ESH,2015,NaN,NA,0
ESH,2016,NaN,NA,0
ESH,2017,NaN,NA,0
ESH,2018,NaN,NA,0
ESH,2019,NaN,NA,0
ESP,2004,NaN,NA,0
ESP,2005,NaN,NA,0
ESP,2006,NaN,NA,0
ESP,2007,NaN,NA,0
ESP,2008,NaN,NA,0
ESP,2009,NaN,NA,0
ESP,2010,NaN,NA,0
ESP,2011,NaN,NA,0
ESP,2012,NaN,NA,0
ESP,2013,NaN,NA,0
ESP,2014,NaN,NA,0
ESP,2015,NaN,NA,0
ESP,2016,NaN,NA,0
ESP,2017,NaN,NA,0
ESP,2018,NaN,NA,0
ESP,2019,NaN,NA,0
EST,2004,NaN,NA,0
EST,2005,NaN,NA,0
EST,2006,NaN,NA,0
EST,2007,NaN,NA,0
EST,2008,NaN,NA,0
EST,2009,NaN,NA,0
EST,2010,NaN,NA,0
EST,2011,NaN,NA,0
EST,2012,NaN,NA,0
EST,2013,NaN,NA,0
EST,2014,NaN,NA,0
EST,2015,NaN,NA,0
EST,2016,NaN,NA,0
EST,2017,NaN,NA,0
EST,2018,NaN,NA,0
EST,2019,NaN,NA,0
ETH,2004,NaN,NA,0
ETH,2005,1679.57024,CA,0.75
ETH,2006,NaN,NA,0
ETH,2007,NaN,NA,0
ETH,2008,NaN,NA,0
ETH,2009,NaN,NA,0
ETH,2010,NaN,NA,0
ETH,2011,1410.82062,CA,0.75
ETH,2012,NaN,NA,0
ETH,2013,NaN,NA,0
ETH,2014,1322.98386,CA,0.75
ETH,2015,NaN,NA,0
ETH,2016,1581.02458,CA,0.75
ETH,2017,NaN,NA,0
ETH,2018,NaN,NA,0
ETH,2019,1192.38005,CA,0.75
FIN,2004,NaN,NA,0
FIN,2005,NaN,NA,0
FIN,2006,NaN,NA,0
FIN,2007,NaN,NA,0
FIN,2008,NaN,NA,0
FIN,2009,NaN,NA,0
FIN,2010,NaN,NA,0
FIN,2011,NaN,NA,0
FIN,2012,NaN,NA,0
FIN,2013,NaN,NA,0
FIN,2014,NaN,NA,0
FIN,2015,NaN,NA,0
FIN,2016,NaN,NA,0
FIN,2017,NaN,NA,0
FIN,2018,NaN,NA,0
FIN,2019,NaN,NA,0
FJI,2004,5.66836,CA,0.75
FJI,2005,NaN,NA,0
FJI,2006,NaN,NA,0
FJI,2007,NaN,NA,0
FJI,2008,NaN,NA,0
FJI,2009,NaN,NA,0
FJI,2010,NaN,NA,0
FJI,2011,NaN,NA,0
FJI,2012,NaN,NA,0
FJI,2013,NaN,NA,0
FJI,2014,NaN,NA,0
FJI,2015,NaN,NA,0
FJI,2016,NaN,NA,0
FJI,2017,NaN,NA,0
FJI,2018,NaN,NA,0
FJI,2019,NaN,NA,0
FLK,2004,NaN,NA,0
FLK,2005,NaN,NA,0
FLK,2006,NaN,NA,0
FLK,2007,NaN,NA,0
FLK,2008,NaN,NA,0
FLK,2009,NaN,NA,0
FLK,2010,NaN,NA,0
FLK,2011,NaN,NA,0
FLK,2012,NaN,NA,0
FLK,2013,NaN,NA,0
FLK,2014,NaN,NA,0
FLK,2015,NaN,NA,0
FLK,2016,NaN,NA,0
FLK,2017,NaN,NA,0
FLK,2018,NaN,NA,0
FLK,2019,NaN,NA,0
FRA,2004,NaN,NA,0
FRA,2005,NaN,NA,0
FRA,2006,NaN,NA,0
FRA,2007,NaN,NA,0
FRA,2008,NaN,NA,0
FRA,2009,NaN,NA,0
FRA,2010,NaN,NA,0
FRA,2011,NaN,NA,0
FRA,2012,NaN,NA,0
FRA,2013,NaN,NA,0
FRA,2014,NaN,NA,0
FRA,2015,NaN,NA,0
FRA,2016,NaN,NA,0
FRA,2017,NaN,NA,0
FRA,2018,NaN,NA,0
FRA,2019,NaN,NA,0
FRO,2004,NaN,NA,0
FRO,2005,NaN,NA,0
FRO,2006,NaN,NA,0
FRO,2007,NaN,NA,0
FRO,2008,NaN,NA,0
FRO,2009,NaN,NA,0
FRO,2010,NaN,NA,0
FRO,2011,NaN,NA,0
FRO,2012,NaN,NA,0
FRO,2013,NaN,NA,0
FRO,2014,NaN,NA,0
FRO,2015,NaN,NA,0
FRO,2016,NaN,NA,0
FRO,2017,NaN,NA,0
FRO,2018,NaN,NA,0
FRO,2019,NaN,NA,0
FSM,2004,NaN,NA,0
FSM,2005,NaN,NA,0
FSM,2006,NaN,NA,0
FSM,2007,NaN,NA,0
FSM,2008,NaN,NA,0
FSM,2009,NaN,NA,0
FSM,2010,NaN,NA,0
FSM,2011,NaN,NA,0
FSM,2012,NaN,NA,0
FSM,2013,NaN,NA,0
FSM,2014,NaN,NA,0
FSM,2015,NaN,NA,0
FSM,2016,NaN,NA,0
FSM,2017,NaN,NA,0
FSM,2018,NaN,NA,0
FSM,2019,NaN,NA,0
GAB,2004,NaN,NA,0
GAB,2005,NaN,NA,0
GAB,2006,NaN,NA,0
GAB,2007,NaN,NA,0
GAB,2008,NaN,NA,0
GAB,2009,NaN,NA,0
GAB,2010,NaN,NA,0
GAB,2011,NaN,NA,0
GAB,2012,8.75779,CA,0.75
GAB,2013,NaN,NA,0
GAB,2014,NaN,NA,0
GAB,2015,NaN,NA,0
GAB,2016,NaN,NA,0
GAB,2017,NaN,NA,0
GAB,2018,NaN,NA,0
GAB,2019,NaN,NA,0
GBR,2004,NaN,NA,0
GBR,2005,NaN,NA,0
GBR,2006,NaN,NA,0
GBR,2007,NaN,NA,0
GBR,2008,NaN,NA,0
GBR,2009,NaN,NA,0
GBR,2010,NaN,NA,0
GBR,2011,NaN,NA,0
GBR,2012,NaN,NA,0
GBR,2013,NaN,NA,0
GBR,2014,NaN,NA,0
GBR,2015,NaN,NA,0
GBR,2016,NaN,NA,0
GBR,2017,NaN,NA,0
GBR,2018,NaN,NA,0
GBR,2019,NaN,NA,0
GEO,2004,NaN,NA,0
GEO,2005,6.97012,CA,0.75
GEO,2006,NaN,NA,0
GEO,2007,NaN,NA,0
GEO,2008,NaN,NA,0
GEO,2009,4.0759,CA,0.75
GEO,2010,NaN,NA,0
GEO,2011,NaN,NA,0
GEO,2012,NaN,NA,0
GEO,2013,NaN,NA,0
GEO,2014,NaN,NA,0
GEO,2015,NaN,NA,0
GEO,2016,NaN,NA,0
GEO,2017,NaN,NA,0
GEO,2018,NaN,NA,0
GEO,2019,NaN,NA,0
GGY,2004,NaN,NA,0
GGY,2005,NaN,NA,0
GGY,2006,NaN,NA,0
GGY,2007,NaN,NA,0
GGY,2008,NaN,NA,0
GGY,2009,NaN,NA,0
GGY,2010,NaN,NA,0
GGY,2011,NaN,NA,0
GGY,2012,NaN,NA,0
GGY,2013,NaN,NA,0
GGY,2014,NaN,NA,0
GGY,2015,NaN,NA,0
GGY,2016,NaN,NA,0
GGY,2017,NaN,NA,0
GGY,2018,NaN,NA,0
GGY,2019,NaN,NA,0
GHA,2004,NaN,NA,0
GHA,2005,NaN,NA,0
GHA,2006,198.25492,CA,0.75
GHA,2007,NaN,NA,0
GHA,2008,299.58718,CA,0.75
GHA,2009,NaN,NA,0
GHA,2010,NaN,NA,0
GHA,2011,228.23436,CA,0.75
GHA,2012,NaN,NA,0
GHA,2013,NaN,NA,0
GHA,2014,182.71696,CA,0.75
GHA,2015,NaN,NA,0
GHA,2016,NaN,NA,0
GHA,2017,276.73307,CA,0.75
GHA,2018,NaN,NA,0
GHA,2019,NaN,NA,0
GIB,2004,NaN,NA,0
GIB,2005,NaN,NA,0
GIB,2006,NaN,NA,0
GIB,2007,NaN,NA,0
GIB,2008,NaN,NA,0
GIB,2009,NaN,NA,0
GIB,2010,NaN,NA,0
GIB,2011,NaN,NA,0
GIB,2012,NaN,NA,0
GIB,2013,NaN,NA,0
GIB,2014,NaN,NA,0
GIB,2015,NaN,NA,0
GIB,2016,NaN,NA,0
GIB,2017,NaN,NA,0
GIB,2018,NaN,NA,0
GIB,2019,NaN,NA,0
GIN,2004,NaN,NA,0
GIN,2005,178.9926,CA,0.75
GIN,2006,NaN,NA,0
GIN,2007,140.25772,CA,0.75
GIN,2008,NaN,NA,0
GIN,2009,NaN,NA,0
GIN,2010,NaN,NA,0
GIN,2011,92.68391,CA,0.75
GIN,2012,182.2366,CA,0.75
GIN,2013,NaN,NA,0
GIN,2014,NaN,NA,0
GIN,2015,NaN,NA,0
GIN,2016,157.40976,CA,0.75
GIN,2017,NaN,NA,0
GIN,2018,185.84679,CA,0.75
GIN,2019,NaN,NA,0
GLP,2004,NaN,NA,0
GLP,2005,NaN,NA,0
GLP,2006,NaN,NA,0
GLP,2007,NaN,NA,0
GLP,2008,NaN,NA,0
GLP,2009,NaN,NA,0
GLP,2010,NaN,NA,0
GLP,2011,NaN,NA,0
GLP,2012,NaN,NA,0
GLP,2013,NaN,NA,0
GLP,2014,NaN,NA,0
GLP,2015,NaN,NA,0
GLP,2016,NaN,NA,0
GLP,2017,NaN,NA,0
GLP,2018,NaN,NA,0
GLP,2019,NaN,NA,0
GMB,2004,NaN,NA,0
GMB,2005,NaN,NA,0
GMB,2006,20.95235,CA,0.75
GMB,2007,NaN,NA,0
GMB,2008,NaN,NA,0
GMB,2009,NaN,NA,0
GMB,2010,30.26373,CA,0.75
GMB,2011,NaN,NA,0
GMB,2012,32.22177,CA,0.75
GMB,2013,38.19523,CA,0.75
GMB,2014,NaN,NA,0
GMB,2015,NaN,NA,0
GMB,2016,NaN,NA,0
GMB,2017,NaN,NA,0
GMB,2018,23.69835,CA,0.75
GMB,2019,NaN,NA,0
GNB,2004,NaN,NA,0
GNB,2005,NaN,NA,0
GNB,2006,20.37851,CA,0.75
GNB,2007,NaN,NA,0
GNB,2008,NaN,NA,0
GNB,2009,NaN,NA,0
GNB,2010,15.0562,CA,0.75
GNB,2011,NaN,NA,0
GNB,2012,NaN,NA,0
GNB,2013,NaN,NA,0
GNB,2014,16.66249,CA,0.75
GNB,2015,NaN,NA,0
GNB,2016,NaN,NA,0
GNB,2017,NaN,NA,0
GNB,2018,NaN,NA,0
GNB,2019,NaN,NA,0
GNQ,2004,3.28756,CA,0.75
GNQ,2005,NaN,NA,0
GNQ,2006,NaN,NA,0
GNQ,2007,NaN,NA,0
GNQ,2008,NaN,NA,0
GNQ,2009,NaN,NA,0
GNQ,2010,NaN,NA,0
GNQ,2011,4.8019,CA,0.75
GNQ,2012,NaN,NA,0
GNQ,2013,NaN,NA,0
GNQ,2014,NaN,NA,0
GNQ,2015,NaN,NA,0
GNQ,2016,NaN,NA,0
GNQ,2017,NaN,NA,0
GNQ,2018,NaN,NA,0
GNQ,2019,NaN,NA,0
GRC,2004,NaN,NA,0
GRC,2005,NaN,NA,0
GRC,2006,NaN,NA,0
GRC,2007,NaN,NA,0
GRC,2008,NaN,NA,0
GRC,2009,NaN,NA,0
GRC,2010,NaN,NA,0
GRC,2011,NaN,NA,0
GRC,2012,NaN,NA,0
GRC,2013,NaN,NA,0
GRC,2014,NaN,NA,0
GRC,2015,NaN,NA,0
GRC,2016,NaN,NA,0
GRC,2017,NaN,NA,0
GRC,2018,NaN,NA,0
GRC,2019,NaN,NA,0
GRD,2004,NaN,NA,0
GRD,2005,NaN,NA,0
GRD,2006,NaN,NA,0
GRD,2007,NaN,NA,0
GRD,2008,NaN,NA,0
GRD,2009,NaN,NA,0
GRD,2010,NaN,NA,0
GRD,2011,NaN,NA,0
GRD,2012,NaN,NA,0
GRD,2013,NaN,NA,0
GRD,2014,NaN,NA,0
GRD,2015,NaN,NA,0
GRD,2016,NaN,NA,0
GRD,2017,NaN,NA,0
GRD,2018,NaN,NA,0
GRD,2019,NaN,NA,0
GRL,2004,NaN,NA,0
GRL,2005,NaN,NA,0
GRL,2006,NaN,NA,0
GRL,2007,NaN,NA,0
GRL,2008,NaN,NA,0
GRL,2009,NaN,NA,0
GRL,2010,NaN,NA,0
GRL,2011,NaN,NA,0
GRL,2012,NaN,NA,0
GRL,2013,NaN,NA,0
GRL,2014,NaN,NA,0
GRL,2015,NaN,NA,0
GRL,2016,NaN,NA,0
GRL,2017,NaN,NA,0
GRL,2018,NaN,NA,0
GRL,2019,NaN,NA,0
GTM,2004,NaN,NA,0
GTM,2005,NaN,NA,0
GTM,2006,NaN,NA,0
GTM,2007,NaN,NA,0
GTM,2008,NaN,NA,0
GTM,2009,19.62447,CA,0.75
GTM,2010,NaN,NA,0
GTM,2011,NaN,NA,0
GTM,2012,NaN,NA,0
GTM,2013,NaN,NA,0
GTM,2014,NaN,NA,0
GTM,2015,14.99642,CA,0.75
GTM,2016,NaN,NA,0
GTM,2017,NaN,NA,0
GTM,2018,NaN,NA,0
GTM,2019,NaN,NA,0
GUF,2004,NaN,NA,0
GUF,2005,NaN,NA,0
GUF,2006,NaN,NA,0
GUF,2007,NaN,NA,0
GUF,2008,NaN,NA,0
GUF,2009,NaN,NA,0
GUF,2010,NaN,NA,0
GUF,2011,NaN,NA,0
GUF,2012,NaN,NA,0
GUF,2013,NaN,NA,0
GUF,2014,NaN,NA,0
GUF,2015,NaN,NA,0
GUF,2016,NaN,NA,0
GUF,2017,NaN,NA,0
GUF,2018,NaN,NA,0
GUF,2019,NaN,NA,0
GUM,2004,NaN,NA,0
GUM,2005,NaN,NA,0
GUM,2006,NaN,NA,0
GUM,2007,NaN,NA,0
GUM,2008,NaN,NA,0
GUM,2009,NaN,NA,0
GUM,2010,NaN,NA,0
GUM,2011,NaN,NA,0
GUM,2012,NaN,NA,0
GUM,2013,NaN,NA,0
GUM,2014,NaN,NA,0
GUM,2015,NaN,NA,0
GUM,2016,NaN,NA,0
GUM,2017,NaN,NA,0
GUM,2018,NaN,NA,0
GUM,2019,NaN,NA,0
GUY,2004,NaN,NA,0
GUY,2005,NaN,NA,0
GUY,2006,6.73949,CA,0.75
GUY,2007,NaN,NA,0
GUY,2008,NaN,NA,0
GUY,2009,4.08881,CA,0.75
GUY,2010,NaN,NA,0
GUY,2011,NaN,NA,0
GUY,2012,NaN,NA,0
GUY,2013,NaN,NA,0
GUY,2014,4.78846,CA,0.75
GUY,2015,NaN,NA,0
GUY,2016,NaN,NA,0
GUY,2017,NaN,NA,0
GUY,2018,NaN,NA,0
GUY,2019,NaN,NA,0
HKG,2004,NaN,NA,0
HKG,2005,NaN,NA,0
HKG,2006,NaN,NA,0
HKG,2007,NaN,NA,0
HKG,2008,NaN,NA,0
HKG,2009,NaN,NA,0
HKG,2010,NaN,NA,0
HKG,2011,NaN,NA,0
HKG,2012,NaN,NA,0
HKG,2013,NaN,NA,0
HKG,2014,NaN,NA,0
HKG,2015,NaN,NA,0
HKG,2016,NaN,NA,0
HKG,2017,NaN,NA,0
HKG,2018,NaN,NA,0
HKG,2019,NaN,NA,0
HMD,2004,NaN,NA,0
HMD,2005,NaN,NA,0
HMD,2006,NaN,NA,0
HMD,2007,NaN,NA,0
HMD,2008,NaN,NA,0
HMD,2009,NaN,NA,0
HMD,2010,NaN,NA,0
HMD,2011,NaN,NA,0
HMD,2012,NaN,NA,0
HMD,2013,NaN,NA,0
HMD,2014,NaN,NA,0
HMD,2015,NaN,NA,0
HMD,2016,NaN,NA,0
HMD,2017,NaN,NA,0
HMD,2018,NaN,NA,0
HMD,2019,NaN,NA,0
HND,2004,NaN,NA,0
HND,2005,NaN,NA,0
HND,2006,14.31703,CA,0.75
HND,2007,NaN,NA,0
HND,2008,NaN,NA,0
HND,2009,NaN,NA,0
HND,2010,NaN,NA,0
HND,2011,NaN,NA,0
HND,2012,13.97129,CA,0.75
HND,2013,NaN,NA,0
HND,2014,NaN,NA,0
HND,2015,NaN,NA,0
HND,2016,NaN,NA,0
HND,2017,NaN,NA,0
HND,2018,NaN,NA,0
HND,2019,NaN,NA,0
HRV,2004,NaN,NA,0
HRV,2005,NaN,NA,0
HRV,2006,NaN,NA,0
HRV,2007,NaN,NA,0
HRV,2008,NaN,NA,0
HRV,2009,NaN,NA,0
HRV,2010,NaN,NA,0
HRV,2011,NaN,NA,0
HRV,2012,NaN,NA,0
HRV,2013,NaN,NA,0
HRV,2014,NaN,NA,0
HRV,2015,NaN,NA,0
HRV,2016,NaN,NA,0
HRV,2017,NaN,NA,0
HRV,2018,NaN,NA,0
HRV,2019,NaN,NA,0
HTI,2004,NaN,NA,0
HTI,2005,NaN,NA,0
HTI,2006,127.46232,CA,0.75
HTI,2007,NaN,NA,0
HTI,2008,NaN,NA,0
HTI,2009,NaN,NA,0
HTI,2010,NaN,NA,0
HTI,2011,NaN,NA,0
HTI,2012,65.2908,CA,0.75
HTI,2013,NaN,NA,0
HTI,2014,NaN,NA,0
HTI,2015,NaN,NA,0
HTI,2016,NaN,NA,0
HTI,2017,47.3278,CA,0.75
HTI,2018,NaN,NA,0
HTI,2019,NaN,NA,0
HUN,2004,NaN,NA,0
HUN,2005,NaN,NA,0
HUN,2006,NaN,NA,0
HUN,2007,NaN,NA,0
HUN,2008,NaN,NA,0
HUN,2009,NaN,NA,0
HUN,2010,NaN,NA,0
HUN,2011,NaN,NA,0
HUN,2012,NaN,NA,0
HUN,2013,NaN,NA,0
HUN,2014,NaN,NA,0
HUN,2015,NaN,NA,0
HUN,2016,NaN,NA,0
HUN,2017,NaN,NA,0
HUN,2018,NaN,NA,0
HUN,2019,NaN,NA,0
IDN,2004,3175.90142,CA,0.75
IDN,2005,NaN,NA,0
IDN,2006,NaN,NA,0
IDN,2007,3336.28467,CA,0.75
IDN,2008,NaN,NA,0
IDN,2009,NaN,NA,0
IDN,2010,2850.26891,CA,0.75
IDN,2011,NaN,NA,0
IDN,2012,NaN,NA,0
IDN,2013,3228.30914,CA,0.75
IDN,2014,NaN,NA,0
IDN,2015,NaN,NA,0
IDN,2016,NaN,NA,0
IDN,2017,NaN,NA,0
IDN,2018,2483.7308,CA,0.75
IDN,2019,NaN,NA,0
IMN,2004,NaN,NA,0
IMN,2005,NaN,NA,0
IMN,2006,NaN,NA,0
IMN,2007,NaN,NA,0
IMN,2008,NaN,NA,0
IMN,2009,NaN,NA,0
IMN,2010,NaN,NA,0
IMN,2011,NaN,NA,0
IMN,2012,NaN,NA,0
IMN,2013,NaN,NA,0
IMN,2014,NaN,NA,0
IMN,2015,NaN,NA,0
IMN,2016,NaN,NA,0
IMN,2017,NaN,NA,0
IMN,2018,NaN,NA,0
IMN,2019,NaN,NA,0
IND,2004,NaN,NA,0
IND,2005,NaN,NA,0
IND,2006,25991.12894,CA,0.75
IND,2007,NaN,NA,0
IND,2008,NaN,NA,0
IND,2009,NaN,NA,0
IND,2010,NaN,NA,0
IND,2011,NaN,NA,0
IND,2012,NaN,NA,0
IND,2013,NaN,NA,0
IND,2014,18222.18532,CA,0.75
IND,2015,24729.46007,CA,0.75
IND,2016,NaN,NA,0
IND,2017,20097.84215,CA,0.75
IND,2018,NaN,NA,0
IND,2019,NaN,NA,0
IOT,2004,NaN,NA,0
IOT,2005,NaN,NA,0
IOT,2006,NaN,NA,0
IOT,2007,NaN,NA,0
IOT,2008,NaN,NA,0
IOT,2009,NaN,NA,0
IOT,2010,NaN,NA,0
IOT,2011,NaN,NA,0
IOT,2012,NaN,NA,0
IOT,2013,NaN,NA,0
IOT,2014,NaN,NA,0
IOT,2015,NaN,NA,0
IOT,2016,NaN,NA,0
IOT,2017,NaN,NA,0
IOT,2018,NaN,NA,0
IOT,2019,NaN,NA,0
IRL,2004,NaN,NA,0
IRL,2005,NaN,NA,0
IRL,2006,NaN,NA,0
IRL,2007,NaN,NA,0
IRL,2008,NaN,NA,0
IRL,2009,NaN,NA,0
IRL,2010,NaN,NA,0
IRL,2011,NaN,NA,0
IRL,2012,NaN,NA,0
IRL,2013,NaN,NA,0
IRL,2014,NaN,NA,0
IRL,2015,NaN,NA,0
IRL,2016,NaN,NA,0
IRL,2017,NaN,NA,0
IRL,2018,NaN,NA,0
IRL,2019,NaN,NA,0
IRN,2004,272.70413,CA,0.75
IRN,2005,NaN,NA,0
IRN,2006,NaN,NA,0
IRN,2007,NaN,NA,0
IRN,2008,NaN,NA,0
IRN,2009,NaN,NA,0
IRN,2010,NaN,NA,0
IRN,2011,255.34684,CA,0.75
IRN,2012,NaN,NA,0
IRN,2013,NaN,NA,0
IRN,2014,NaN,NA,0
IRN,2015,NaN,NA,0
IRN,2016,NaN,NA,0
IRN,2017,NaN,NA,0
IRN,2018,NaN,NA,0
IRN,2019,NaN,NA,0
IRQ,2004,288.24191,CA,0.75
IRQ,2005,NaN,NA,0
IRQ,2006,247.42297,CA,0.75
IRQ,2007,NaN,NA,0
IRQ,2008,NaN,NA,0
IRQ,2009,NaN,NA,0
IRQ,2010,NaN,NA,0
IRQ,2011,301.05067,CA,0.75
IRQ,2012,NaN,NA,0
IRQ,2013,NaN,NA,0
IRQ,2014,NaN,NA,0
IRQ,2015,NaN,NA,0
IRQ,2016,NaN,NA,0
IRQ,2017,NaN,NA,0
IRQ,2018,163.71134,CA,0.75
IRQ,2019,NaN,NA,0
ISL,2004,NaN,NA,0
ISL,2005,NaN,NA,0
ISL,2006,NaN,NA,0
ISL,2007,NaN,NA,0
ISL,2008,NaN,NA,0
ISL,2009,NaN,NA,0
ISL,2010,NaN,NA,0
ISL,2011,NaN,NA,0
ISL,2012,NaN,NA,0
ISL,2013,NaN,NA,0
ISL,2014,NaN,NA,0
ISL,2015,NaN,NA,0
ISL,2016,NaN,NA,0
ISL,2017,NaN,NA,0
ISL,2018,NaN,NA,0
ISL,2019,NaN,NA,0
ISR,2004,NaN,NA,0
ISR,2005,NaN,NA,0
ISR,2006,NaN,NA,0
ISR,2007,NaN,NA,0
ISR,2008,NaN,NA,0
ISR,2009,NaN,NA,0
ISR,2010,NaN,NA,0
ISR,2011,NaN,NA,0
ISR,2012,NaN,NA,0
ISR,2013,NaN,NA,0
ISR,2014,NaN,NA,0
ISR,2015,NaN,NA,0
ISR,2016,NaN,NA,0
ISR,2017,NaN,NA,0
ISR,2018,NaN,NA,0
ISR,2019,NaN,NA,0
ITA,2004,NaN,NA,0
ITA,2005,NaN,NA,0
ITA,2006,NaN,NA,0
ITA,2007,NaN,NA,0
ITA,2008,NaN,NA,0
ITA,2009,NaN,NA,0
ITA,2010,NaN,NA,0
ITA,2011,NaN,NA,0
ITA,2012,NaN,NA,0
ITA,2013,NaN,NA,0
ITA,2014,NaN,NA,0
ITA,2015,NaN,NA,0
ITA,2016,NaN,NA,0
ITA,2017,NaN,NA,0
ITA,2018,NaN,NA,0
ITA,2019,NaN,NA,0
JAM,2004,11.98414,CA,0.75
JAM,2005,NaN,NA,0
JAM,2006,9.13566,CA,0.75
JAM,2007,6.42652,CA,0.75
JAM,2008,5.92852,CA,0.75
JAM,2009,NaN,NA,0
JAM,2010,11.07174,CA,0.75
JAM,2011,NaN,NA,0
JAM,2012,6.88379,CA,0.75
JAM,2013,NaN,NA,0
JAM,2014,8.47261,CA,0.75
JAM,2015,NaN,NA,0
JAM,2016,NaN,NA,0
JAM,2017,NaN,NA,0
JAM,2018,NaN,NA,0
JAM,2019,NaN,NA,0
JEY,2004,NaN,NA,0
JEY,2005,NaN,NA,0
JEY,2006,NaN,NA,0
JEY,2007,NaN,NA,0
JEY,2008,NaN,NA,0
JEY,2009,NaN,NA,0
JEY,2010,NaN,NA,0
JEY,2011,NaN,NA,0
JEY,2012,NaN,NA,0
JEY,2013,NaN,NA,0
JEY,2014,NaN,NA,0
JEY,2015,NaN,NA,0
JEY,2016,NaN,NA,0
JEY,2017,NaN,NA,0
JEY,2018,NaN,NA,0
JEY,2019,NaN,NA,0
JOR,2004,NaN,NA,0
JOR,2005,NaN,NA,0
JOR,2006,NaN,NA,0
JOR,2007,NaN,NA,0
JOR,2008,NaN,NA,0
JOR,2009,14.94036,CA,0.75
JOR,2010,NaN,NA,0
JOR,2011,NaN,NA,0
JOR,2012,26.39193,CA,0.75
JOR,2013,NaN,NA,0
JOR,2014,NaN,NA,0
JOR,2015,NaN,NA,0
JOR,2016,NaN,NA,0
JOR,2017,NaN,NA,0
JOR,2018,NaN,NA,0
JOR,2019,NaN,NA,0
JPN,2004,NaN,NA,0
JPN,2005,NaN,NA,0
JPN,2006,NaN,NA,0
JPN,2007,NaN,NA,0
JPN,2008,NaN,NA,0
JPN,2009,NaN,NA,0
JPN,2010,127.74531,CA,0.75
JPN,2011,NaN,NA,0
JPN,2012,NaN,NA,0
JPN,2013,NaN,NA,0
JPN,2014,NaN,NA,0
JPN,2015,NaN,NA,0
JPN,2016,NaN,NA,0
JPN,2017,NaN,NA,0
JPN,2018,NaN,NA,0
JPN,2019,NaN,NA,0
KAZ,2004,NaN,NA,0
KAZ,2005,NaN,NA,0
KAZ,2006,63.57094,CA,0.75
KAZ,2007,NaN,NA,0
KAZ,2008,NaN,NA,0
KAZ,2009,NaN,NA,0
KAZ,2010,64.63181,CA,0.75
KAZ,2011,NaN,NA,0
KAZ,2012,NaN,NA,0
KAZ,2013,NaN,NA,0
KAZ,2014,NaN,NA,0
KAZ,2015,60.57113,CA,0.75
KAZ,2016,NaN,NA,0
KAZ,2017,NaN,NA,0
KAZ,2018,NaN,NA,0
KAZ,2019,NaN,NA,0
KEN,2004,NaN,NA,0
KEN,2005,431.20215,CA,0.75
KEN,2006,NaN,NA,0
KEN,2007,NaN,NA,0
KEN,2008,457.84519,CA,0.75
KEN,2009,NaN,NA,0
KEN,2010,NaN,NA,0
KEN,2011,NaN,NA,0
KEN,2012,NaN,NA,0
KEN,2013,NaN,NA,0
KEN,2014,293.86273,CA,0.75
KEN,2015,NaN,NA,0
KEN,2016,NaN,NA,0
KEN,2017,NaN,NA,0
KEN,2018,NaN,NA,0
KEN,2019,NaN,NA,0
KGZ,2004,NaN,NA,0
KGZ,2005,NaN,NA,0
KGZ,2006,16.63734,CA,0.75
KGZ,2007,NaN,NA,0
KGZ,2008,NaN,NA,0
KGZ,2009,7.42301,CA,0.75
KGZ,2010,NaN,NA,0
KGZ,2011,NaN,NA,0
KGZ,2012,19.48994,CA,0.75
KGZ,2013,NaN,NA,0
KGZ,2014,21.33214,CA,0.75
KGZ,2015,NaN,NA,0
KGZ,2016,NaN,NA,0
KGZ,2017,NaN,NA,0
KGZ,2018,16.00897,CA,0.75
KGZ,2019,NaN,NA,0
KHM,2004,NaN,NA,0
KHM,2005,129.97474,CA,0.75
KHM,2006,NaN,NA,0
KHM,2007,NaN,NA,0
KHM,2008,147.2688,CA,0.75
KHM,2009,NaN,NA,0
KHM,2010,184.44996,CA,0.75
KHM,2011,NaN,NA,0
KHM,2012,NaN,NA,0
KHM,2013,NaN,NA,0
KHM,2014,171.00825,CA,0.75
KHM,2015,NaN,NA,0
KHM,2016,NaN,NA,0
KHM,2017,NaN,NA,0
KHM,2018,NaN,NA,0
KHM,2019,NaN,NA,0
KIR,2004,NaN,NA,0
KIR,2005,NaN,NA,0
KIR,2006,NaN,NA,0
KIR,2007,NaN,NA,0
KIR,2008,NaN,NA,0
KIR,2009,NaN,NA,0
KIR,2010,NaN,NA,0
KIR,2011,NaN,NA,0
KIR,2012,NaN,NA,0
KIR,2013,NaN,NA,0
KIR,2014,NaN,NA,0
KIR,2015,NaN,NA,0
KIR,2016,NaN,NA,0
KIR,2017,NaN,NA,0
KIR,2018,NaN,NA,0
KIR,2019,NaN,NA,0
KNA,2004,NaN,NA,0
KNA,2005,NaN,NA,0
KNA,2006,NaN,NA,0
KNA,2007,NaN,NA,0
KNA,2008,NaN,NA,0
KNA,2009,NaN,NA,0
KNA,2010,NaN,NA,0
KNA,2011,NaN,NA,0
KNA,2012,NaN,NA,0
KNA,2013,NaN,NA,0
KNA,2014,NaN,NA,0
KNA,2015,NaN,NA,0
KNA,2016,NaN,NA,0
KNA,2017,NaN,NA,0
KNA,2018,NaN,NA,0
KNA,2019,NaN,NA,0
KOR,2004,NaN,NA,0
KOR,2005,NaN,NA,0
KOR,2006,NaN,NA,0
KOR,2007,NaN,NA,0
KOR,2008,NaN,NA,0
KOR,2009,NaN,NA,0
KOR,2010,27.46726,CA,0.75
KOR,2011,NaN,NA,0
KOR,2012,NaN,NA,0
KOR,2013,NaN,NA,0
KOR,2014,NaN,NA,0
KOR,2015,NaN,NA,0
KOR,2016,NaN,NA,0
KOR,2017,NaN,NA,0
KOR,2018,NaN,NA,0
KOR,2019,NaN,NA,0
KWT,2004,7.17546,CA,0.75
KWT,2005,7.03379,CA,0.75
KWT,2006,5.92194,CA,0.75
KWT,2007,7.95157,CA,0.75
KWT,2008,5.24383,CA,0.75
KWT,2009,4.63837,CA,0.75
KWT,2010,6.56722,CA,0.75
KWT,2011,4.94887,CA,0.75
KWT,2012,7.22683,CA,0.75
KWT,2013,8.22064,CA,0.75
KWT,2014,7.29814,CA,0.75
KWT,2015,9.37694,CA,0.75
KWT,2016,7.32406,CA,0.75
KWT,2017,7.6187,CA,0.75
KWT,2018,NaN,NA,0
KWT,2019,NaN,NA,0
LAO,2004,NaN,NA,0
LAO,2005,NaN,NA,0
LAO,2006,56.12093,CA,0.75
LAO,2007,NaN,NA,0
LAO,2008,NaN,NA,0
LAO,2009,NaN,NA,0
LAO,2010,NaN,NA,0
LAO,2011,47.16303,CA,0.75
LAO,2012,NaN,NA,0
LAO,2013,NaN,NA,0
LAO,2014,NaN,NA,0
LAO,2015,75.48437,CA,0.75
LAO,2016,NaN,NA,0
LAO,2017,70.44365,CA,0.75
LAO,2018,NaN,NA,0
LAO,2019,NaN,NA,0
LBN,2004,28.60598,CA,0.75
LBN,2005,NaN,NA,0
LBN,2006,NaN,NA,0
LBN,2007,NaN,NA,0
LBN,2008,NaN,NA,0
LBN,2009,NaN,NA,0
LBN,2010,NaN,NA,0
LBN,2011,NaN,NA,0
LBN,2012,NaN,NA,0
LBN,2013,NaN,NA,0
LBN,2014,NaN,NA,0
LBN,2015,NaN,NA,0
LBN,2016,NaN,NA,0
LBN,2017,NaN,NA,0
LBN,2018,NaN,NA,0
LBN,2019,NaN,NA,0
LBR,2004,NaN,NA,0
LBR,2005,NaN,NA,0
LBR,2006,NaN,NA,0
LBR,2007,46.15545,CA,0.75
LBR,2008,NaN,NA,0
LBR,2009,NaN,NA,0
LBR,2010,25.75715,CA,0.75
LBR,2011,NaN,NA,0
LBR,2012,NaN,NA,0
LBR,2013,38.09781,CA,0.75
LBR,2014,NaN,NA,0
LBR,2015,NaN,NA,0
LBR,2016,30.30963,CA,0.75
LBR,2017,NaN,NA,0
LBR,2018,NaN,NA,0
LBR,2019,NaN,NA,0
LBY,2004,NaN,NA,0
LBY,2005,NaN,NA,0
LBY,2006,NaN,NA,0
LBY,2007,39.01872,CA,0.75
LBY,2008,NaN,NA,0
LBY,2009,NaN,NA,0
LBY,2010,NaN,NA,0
LBY,2011,NaN,NA,0
LBY,2012,NaN,NA,0
LBY,2013,NaN,NA,0
LBY,2014,67.69689,CA,0.75
LBY,2015,NaN,NA,0
LBY,2016,NaN,NA,0
LBY,2017,NaN,NA,0
LBY,2018,NaN,NA,0
LBY,2019,NaN,NA,0
LCA,2004,NaN,NA,0
LCA,2005,NaN,NA,0
LCA,2006,NaN,NA,0
LCA,2007,NaN,NA,0
LCA,2008,NaN,NA,0
LCA,2009,NaN,NA,0
LCA,2010,NaN,NA,0
LCA,2011,NaN,NA,0
LCA,2012,0.4092,CA,0.75
LCA,2013,NaN,NA,0
LCA,2014,NaN,NA,0
LCA,2015,NaN,NA,0
LCA,2016,NaN,NA,0
LCA,2017,NaN,NA,0
LCA,2018,NaN,NA,0
LCA,2019,NaN,NA,0
LIE,2004,NaN,NA,0
LIE,2005,NaN,NA,0
LIE,2006,NaN,NA,0
LIE,2007,NaN,NA,0
LIE,2008,NaN,NA,0
LIE,2009,NaN,NA,0
LIE,2010,NaN,NA,0
LIE,2011,NaN,NA,0
LIE,2012,NaN,NA,0
LIE,2013,NaN,NA,0
LIE,2014,NaN,NA,0
LIE,2015,NaN,NA,0
LIE,2016,NaN,NA,0
LIE,2017,NaN,NA,0
LIE,2018,NaN,NA,0
LIE,2019,NaN,NA,0
LKA,2004,NaN,NA,0
LKA,2005,NaN,NA,0
LKA,2006,NaN,NA,0
LKA,2007,264.04184,CA,0.75
LKA,2008,NaN,NA,0
LKA,2009,211.48644,CA,0.75
LKA,2010,NaN,NA,0
LKA,2011,NaN,NA,0
LKA,2012,376.06313,CA,0.75
LKA,2013,NaN,NA,0
LKA,2014,NaN,NA,0
LKA,2015,NaN,NA,0
LKA,2016,258.60441,CA,0.75
LKA,2017,NaN,NA,0
LKA,2018,NaN,NA,0
LKA,2019,NaN,NA,0
LSO,2004,14.85219,CA,0.75
LSO,2005,NaN,NA,0
LSO,2006,NaN,NA,0
LSO,2007,NaN,NA,0
LSO,2008,NaN,NA,0
LSO,2009,9.60605,CA,0.75
LSO,2010,NaN,NA,0
LSO,2011,NaN,NA,0
LSO,2012,NaN,NA,0
LSO,2013,NaN,NA,0
LSO,2014,6.92412,CA,0.75
LSO,2015,NaN,NA,0
LSO,2016,NaN,NA,0
LSO,2017,NaN,NA,0
LSO,2018,5.20716,CA,0.75
LSO,2019,NaN,NA,0
LTU,2004,NaN,NA,0
LTU,2005,NaN,NA,0
LTU,2006,NaN,NA,0
LTU,2007,NaN,NA,0
LTU,2008,NaN,NA,0
LTU,2009,NaN,NA,0
LTU,2010,NaN,NA,0
LTU,2011,NaN,NA,0
LTU,2012,NaN,NA,0
LTU,2013,NaN,NA,0
LTU,2014,NaN,NA,0
LTU,2015,NaN,NA,0
LTU,2016,NaN,NA,0
LTU,2017,NaN,NA,0
LTU,2018,NaN,NA,0
LTU,2019,NaN,NA,0
LUX,2004,NaN,NA,0
LUX,2005,NaN,NA,0
LUX,2006,NaN,NA,0
LUX,2007,NaN,NA,0
LUX,2008,NaN,NA,0
LUX,2009,NaN,NA,0
LUX,2010,NaN,NA,0
LUX,2011,NaN,NA,0
LUX,2012,NaN,NA,0
LUX,2013,NaN,NA,0
LUX,2014,NaN,NA,0
LUX,2015,NaN,NA,0
LUX,2016,NaN,NA,0
LUX,2017,NaN,NA,0
LUX,2018,NaN,NA,0
LUX,2019,NaN,NA,0
LVA,2004,NaN,NA,0
LVA,2005,NaN,NA,0
LVA,2006,NaN,NA,0
LVA,2007,NaN,NA,0
LVA,2008,NaN,NA,0
LVA,2009,NaN,NA,0
LVA,2010,NaN,NA,0
LVA,2011,NaN,NA,0
LVA,2012,NaN,NA,0
LVA,2013,NaN,NA,0
LVA,2014,NaN,NA,0
LVA,2015,NaN,NA,0
LVA,2016,NaN,NA,0
LVA,2017,NaN,NA,0
LVA,2018,NaN,NA,0
LVA,2019,NaN,NA,0
MAC,2004,NaN,NA,0
MAC,2005,NaN,NA,0
MAC,2006,NaN,NA,0
MAC,2007,NaN,NA,0
MAC,2008,NaN,NA,0
MAC,2009,NaN,NA,0
MAC,2010,NaN,NA,0
MAC,2011,NaN,NA,0
MAC,2012,NaN,NA,0
MAC,2013,NaN,NA,0
MAC,2014,NaN,NA,0
MAC,2015,NaN,NA,0
MAC,2016,NaN,NA,0
MAC,2017,NaN,NA,0
MAC,2018,NaN,NA,0
MAC,2019,NaN,NA,0
MAF,2004,NaN,NA,0
MAF,2005,NaN,NA,0
MAF,2006,NaN,NA,0
MAF,2007,NaN,NA,0
MAF,2008,NaN,NA,0
MAF,2009,NaN,NA,0
MAF,2010,NaN,NA,0
MAF,2011,NaN,NA,0
MAF,2012,NaN,NA,0
MAF,2013,NaN,NA,0
MAF,2014,NaN,NA,0
MAF,2015,NaN,NA,0
MAF,2016,NaN,NA,0
MAF,2017,NaN,NA,0
MAF,2018,NaN,NA,0
MAF,2019,NaN,NA,0
MAR,2004,NaN,NA,0
MAR,2005,NaN,NA,0
MAR,2006,NaN,NA,0
MAR,2007,NaN,NA,0
MAR,2008,NaN,NA,0
MAR,2009,NaN,NA,0
MAR,2010,NaN,NA,0
MAR,2011,73.91466,CA,0.75
MAR,2012,NaN,NA,0
MAR,2013,NaN,NA,0
MAR,2014,NaN,NA,0
MAR,2015,NaN,NA,0
MAR,2016,NaN,NA,0
MAR,2017,90.28417,CA,0.75
MAR,2018,NaN,NA,0
MAR,2019,NaN,NA,0
MCO,2004,NaN,NA,0
MCO,2005,NaN,NA,0
MCO,2006,NaN,NA,0
MCO,2007,NaN,NA,0
MCO,2008,NaN,NA,0
MCO,2009,NaN,NA,0
MCO,2010,NaN,NA,0
MCO,2011,NaN,NA,0
MCO,2012,NaN,NA,0
MCO,2013,NaN,NA,0
MCO,2014,NaN,NA,0
MCO,2015,NaN,NA,0
MCO,2016,NaN,NA,0
MCO,2017,NaN,NA,0
MCO,2018,NaN,NA,0
MCO,2019,NaN,NA,0
MDA,2004,NaN,NA,0
MDA,2005,11.96035,CA,0.75
MDA,2006,NaN,NA,0
MDA,2007,NaN,NA,0
MDA,2008,NaN,NA,0
MDA,2009,NaN,NA,0
MDA,2010,NaN,NA,0
MDA,2011,NaN,NA,0
MDA,2012,4.31701,CA,0.75
MDA,2013,NaN,NA,0
MDA,2014,NaN,NA,0
MDA,2015,NaN,NA,0
MDA,2016,NaN,NA,0
MDA,2017,NaN,NA,0
MDA,2018,NaN,NA,0
MDA,2019,NaN,NA,0
MDG,2004,466.28151,CA,0.75
MDG,2005,NaN,NA,0
MDG,2006,NaN,NA,0
MDG,2007,NaN,NA,0
MDG,2008,NaN,NA,0
MDG,2009,NaN,NA,0
MDG,2010,NaN,NA,0
MDG,2011,NaN,NA,0
MDG,2012,264.85221,CA,0.75
MDG,2013,NaN,NA,0
MDG,2014,NaN,NA,0
MDG,2015,NaN,NA,0
MDG,2016,NaN,NA,0
MDG,2017,NaN,NA,0
MDG,2018,253.39497,CA,0.75
MDG,2019,NaN,NA,0
MDV,2004,NaN,NA,0
MDV,2005,NaN,NA,0
MDV,2006,NaN,NA,0
MDV,2007,NaN,NA,0
MDV,2008,NaN,NA,0
MDV,2009,3.4617,CA,0.75
MDV,2010,NaN,NA,0
MDV,2011,NaN,NA,0
MDV,2012,NaN,NA,0
MDV,2013,NaN,NA,0
MDV,2014,NaN,NA,0
MDV,2015,NaN,NA,0
MDV,2016,NaN,NA,0
MDV,2017,NaN,NA,0
MDV,2018,NaN,NA,0
MDV,2019,NaN,NA,0
MEX,2004,NaN,NA,0
MEX,2005,NaN,NA,0
MEX,2006,229.96818,CA,0.75
MEX,2007,NaN,NA,0
MEX,2008,NaN,NA,0
MEX,2009,NaN,NA,0
MEX,2010,NaN,NA,0
MEX,2011,NaN,NA,0
MEX,2012,178.22738,CA,0.75
MEX,2013,NaN,NA,0
MEX,2014,NaN,NA,0
MEX,2015,116.22974,CA,0.75
MEX,2016,223.89636,CA,0.75
MEX,2017,NaN,NA,0
MEX,2018,NaN,NA,0
MEX,2019,NaN,NA,0
MHL,2004,NaN,NA,0
MHL,2005,NaN,NA,0
MHL,2006,NaN,NA,0
MHL,2007,NaN,NA,0
MHL,2008,NaN,NA,0
MHL,2009,NaN,NA,0
MHL,2010,NaN,NA,0
MHL,2011,NaN,NA,0
MHL,2012,NaN,NA,0
MHL,2013,NaN,NA,0
MHL,2014,NaN,NA,0
MHL,2015,NaN,NA,0
MHL,2016,NaN,NA,0
MHL,2017,0.03546,CA,0.75
MHL,2018,NaN,NA,0
MHL,2019,NaN,NA,0
MKD,2004,NaN,NA,0
MKD,2005,4.19021,CA,0.75
MKD,2006,NaN,NA,0
MKD,2007,NaN,NA,0
MKD,2008,NaN,NA,0
MKD,2009,NaN,NA,0
MKD,2010,NaN,NA,0
MKD,2011,2.02203,CA,0.75
MKD,2012,NaN,NA,0
MKD,2013,NaN,NA,0
MKD,2014,NaN,NA,0
MKD,2015,NaN,NA,0
MKD,2016,NaN,NA,0
MKD,2017,NaN,NA,0
MKD,2018,NaN,NA,0
MKD,2019,NaN,NA,0
MLI,2004,NaN,NA,0
MLI,2005,NaN,NA,0
MLI,2006,397.10193,CA,0.75
MLI,2007,NaN,NA,0
MLI,2008,NaN,NA,0
MLI,2009,NaN,NA,0
MLI,2010,259.31727,CA,0.75
MLI,2011,NaN,NA,0
MLI,2012,NaN,NA,0
MLI,2013,NaN,NA,0
MLI,2014,NaN,NA,0
MLI,2015,441.10738,CA,0.75
MLI,2016,NaN,NA,0
MLI,2017,NaN,NA,0
MLI,2018,311.16198,CA,0.75
MLI,2019,NaN,NA,0
MLT,2004,NaN,NA,0
MLT,2005,NaN,NA,0
MLT,2006,NaN,NA,0
MLT,2007,NaN,NA,0
MLT,2008,NaN,NA,0
MLT,2009,NaN,NA,0
MLT,2010,NaN,NA,0
MLT,2011,NaN,NA,0
MLT,2012,NaN,NA,0
MLT,2013,NaN,NA,0
MLT,2014,NaN,NA,0
MLT,2015,NaN,NA,0
MLT,2016,NaN,NA,0
MLT,2017,NaN,NA,0
MLT,2018,NaN,NA,0
MLT,2019,NaN,NA,0
MMR,2004,NaN,NA,0
MMR,2005,NaN,NA,0
MMR,2006,NaN,NA,0
MMR,2007,NaN,NA,0
MMR,2008,NaN,NA,0
MMR,2009,398.17383,CA,0.75
MMR,2010,NaN,NA,0
MMR,2011,NaN,NA,0
MMR,2012,NaN,NA,0
MMR,2013,NaN,NA,0
MMR,2014,NaN,NA,0
MMR,2015,NaN,NA,0
MMR,2016,301.15805,CA,0.75
MMR,2017,NaN,NA,0
MMR,2018,NaN,NA,0
MMR,2019,NaN,NA,0
MNE,2004,NaN,NA,0
MNE,2005,1.7057,CA,0.75
MNE,2006,NaN,NA,0
MNE,2007,NaN,NA,0
MNE,2008,NaN,NA,0
MNE,2009,NaN,NA,0
MNE,2010,NaN,NA,0
MNE,2011,NaN,NA,0
MNE,2012,NaN,NA,0
MNE,2013,1.07509,CA,0.75
MNE,2014,NaN,NA,0
MNE,2015,NaN,NA,0
MNE,2016,NaN,NA,0
MNE,2017,NaN,NA,0
MNE,2018,NaN,NA,0
MNE,2019,NaN,NA,0
MNG,2004,1.31342,CA,0.75
MNG,2005,6.01549,CA,0.75
MNG,2006,NaN,NA,0
MNG,2007,NaN,NA,0
MNG,2008,NaN,NA,0
MNG,2009,NaN,NA,0
MNG,2010,5.00882,CA,0.75
MNG,2011,NaN,NA,0
MNG,2012,NaN,NA,0
MNG,2013,3.35174,CA,0.75
MNG,2014,NaN,NA,0
MNG,2015,NaN,NA,0
MNG,2016,4.38372,CA,0.75
MNG,2017,NaN,NA,0
MNG,2018,3.48812,CA,0.75
MNG,2019,NaN,NA,0
MNP,2004,NaN,NA,0
MNP,2005,NaN,NA,0
MNP,2006,NaN,NA,0
MNP,2007,NaN,NA,0
MNP,2008,NaN,NA,0
MNP,2009,NaN,NA,0
MNP,2010,NaN,NA,0
MNP,2011,NaN,NA,0
MNP,2012,NaN,NA,0
MNP,2013,NaN,NA,0
MNP,2014,NaN,NA,0
MNP,2015,NaN,NA,0
MNP,2016,NaN,NA,0
MNP,2017,NaN,NA,0
MNP,2018,NaN,NA,0
MNP,2019,NaN,NA,0
MOZ,2004,NaN,NA,0
MOZ,2005,NaN,NA,0
MOZ,2006,NaN,NA,0
MOZ,2007,NaN,NA,0
MOZ,2008,168.42507,CA,0.75
MOZ,2009,NaN,NA,0
MOZ,2010,NaN,NA,0
MOZ,2011,261.54055,CA,0.75
MOZ,2012,NaN,NA,0
MOZ,2013,NaN,NA,0
MOZ,2014,NaN,NA,0
MOZ,2015,204.88532,CA,0.75
MOZ,2016,NaN,NA,0
MOZ,2017,NaN,NA,0
MOZ,2018,NaN,NA,0
MOZ,2019,NaN,NA,0
MRT,2004,NaN,NA,0
MRT,2005,NaN,NA,0
MRT,2006,NaN,NA,0
MRT,2007,69.57889,CA,0.75
MRT,2008,42.53708,CA,0.75
MRT,2009,NaN,NA,0
MRT,2010,NaN,NA,0
MRT,2011,78.97368,CA,0.75
MRT,2012,68.08007,CA,0.75
MRT,2013,NaN,NA,0
MRT,2014,NaN,NA,0
MRT,2015,93.11783,CA,0.75
MRT,2016,NaN,NA,0
MRT,2017,NaN,NA,0
MRT,2018,76.83196,CA,0.75
MRT,2019,NaN,NA,0
MSR,2004,NaN,NA,0
MSR,2005,NaN,NA,0
MSR,2006,NaN,NA,0
MSR,2007,NaN,NA,0
MSR,2008,NaN,NA,0
MSR,2009,NaN,NA,0
MSR,2010,NaN,NA,0
MSR,2011,NaN,NA,0
MSR,2012,NaN,NA,0
MSR,2013,NaN,NA,0
MSR,2014,NaN,NA,0
MSR,2015,NaN,NA,0
MSR,2016,NaN,NA,0
MSR,2017,NaN,NA,0
MSR,2018,NaN,NA,0
MSR,2019,NaN,NA,0
MTQ,2004,NaN,NA,0
MTQ,2005,NaN,NA,0
MTQ,2006,NaN,NA,0
MTQ,2007,NaN,NA,0
MTQ,2008,NaN,NA,0
MTQ,2009,NaN,NA,0
MTQ,2010,NaN,NA,0
MTQ,2011,NaN,NA,0
MTQ,2012,NaN,NA,0
MTQ,2013,NaN,NA,0
MTQ,2014,NaN,NA,0
MTQ,2015,NaN,NA,0
MTQ,2016,NaN,NA,0
MTQ,2017,NaN,NA,0
MTQ,2018,NaN,NA,0
MTQ,2019,NaN,NA,0
MUS,2004,NaN,NA,0
MUS,2005,NaN,NA,0
MUS,2006,NaN,NA,0
MUS,2007,NaN,NA,0
MUS,2008,NaN,NA,0
MUS,2009,NaN,NA,0
MUS,2010,NaN,NA,0
MUS,2011,NaN,NA,0
MUS,2012,NaN,NA,0
MUS,2013,NaN,NA,0
MUS,2014,NaN,NA,0
MUS,2015,NaN,NA,0
MUS,2016,NaN,NA,0
MUS,2017,NaN,NA,0
MUS,2018,NaN,NA,0
MUS,2019,NaN,NA,0
MWI,2004,140.41114,CA,0.75
MWI,2005,NaN,NA,0
MWI,2006,98.21431,CA,0.75
MWI,2007,NaN,NA,0
MWI,2008,NaN,NA,0
MWI,2009,46.30855,CA,0.75
MWI,2010,106.31892,CA,0.75
MWI,2011,NaN,NA,0
MWI,2012,NaN,NA,0
MWI,2013,NaN,NA,0
MWI,2014,104.97719,CA,0.75
MWI,2015,77.06014,CA,0.75
MWI,2016,108.87899,CA,0.75
MWI,2017,61.63819,CA,0.75
MWI,2018,36.85917,CA,0.75
MWI,2019,NaN,NA,0
MYS,2004,NaN,NA,0
MYS,2005,NaN,NA,0
MYS,2006,NaN,NA,0
MYS,2007,NaN,NA,0
MYS,2008,NaN,NA,0
MYS,2009,NaN,NA,0
MYS,2010,NaN,NA,0
MYS,2011,NaN,NA,0
MYS,2012,NaN,NA,0
MYS,2013,NaN,NA,0
MYS,2014,NaN,NA,0
MYS,2015,200.32448,CA,0.75
MYS,2016,293.66619,CA,0.75
MYS,2017,NaN,NA,0
MYS,2018,NaN,NA,0
MYS,2019,NaN,NA,0
MYT,2004,NaN,NA,0
MYT,2005,NaN,NA,0
MYT,2006,NaN,NA,0
MYT,2007,NaN,NA,0
MYT,2008,NaN,NA,0
MYT,2009,NaN,NA,0
MYT,2010,NaN,NA,0
MYT,2011,NaN,NA,0
MYT,2012,NaN,NA,0
MYT,2013,NaN,NA,0
MYT,2014,NaN,NA,0
MYT,2015,NaN,NA,0
MYT,2016,NaN,NA,0
MYT,2017,NaN,NA,0
MYT,2018,NaN,NA,0
MYT,2019,NaN,NA,0
NAM,2004,NaN,NA,0
NAM,2005,NaN,NA,0
NAM,2006,NaN,NA,0
NAM,2007,19.76713,CA,0.75
NAM,2008,NaN,NA,0
NAM,2009,NaN,NA,0
NAM,2010,NaN,NA,0
NAM,2011,NaN,NA,0
NAM,2012,NaN,NA,0
NAM,2013,22.40998,CA,0.75
NAM,2014,NaN,NA,0
NAM,2015,NaN,NA,0
NAM,2016,NaN,NA,0
NAM,2017,NaN,NA,0
NAM,2018,NaN,NA,0
NAM,2019,NaN,NA,0
NCL,2004,NaN,NA,0
NCL,2005,NaN,NA,0
NCL,2006,NaN,NA,0
NCL,2007,NaN,NA,0
NCL,2008,NaN,NA,0
NCL,2009,NaN,NA,0
NCL,2010,NaN,NA,0
NCL,2011,NaN,NA,0
NCL,2012,NaN,NA,0
NCL,2013,NaN,NA,0
NCL,2014,NaN,NA,0
NCL,2015,NaN,NA,0
NCL,2016,NaN,NA,0
NCL,2017,NaN,NA,0
NCL,2018,NaN,NA,0
NCL,2019,NaN,NA,0
NER,2004,NaN,NA,0
NER,2005,NaN,NA,0
NER,2006,371.11843,CA,0.75
NER,2007,NaN,NA,0
NER,2008,NaN,NA,0
NER,2009,NaN,NA,0
NER,2010,NaN,NA,0
NER,2011,NaN,NA,0
NER,2012,494.9064,CA,0.75
NER,2013,474.85986,CA,0.75
NER,2014,560.8478,CA,0.75
NER,2015,NaN,NA,0
NER,2016,440.53689,CA,0.75
NER,2017,NaN,NA,0
NER,2018,636.54685,CA,0.75
NER,2019,NaN,NA,0
NFK,2004,NaN,NA,0
NFK,2005,NaN,NA,0
NFK,2006,NaN,NA,0
NFK,2007,NaN,NA,0
NFK,2008,NaN,NA,0
NFK,2009,NaN,NA,0
NFK,2010,NaN,NA,0
NFK,2011,NaN,NA,0
NFK,2012,NaN,NA,0
NFK,2013,NaN,NA,0
NFK,2014,NaN,NA,0
NFK,2015,NaN,NA,0
NFK,2016,NaN,NA,0
NFK,2017,NaN,NA,0
NFK,2018,NaN,NA,0
NFK,2019,NaN,NA,0
NGA,2004,NaN,NA,0
NGA,2005,NaN,NA,0
NGA,2006,NaN,NA,0
NGA,2007,3440.63572,CA,0.75
NGA,2008,3814.94634,CA,0.75
NGA,2009,NaN,NA,0
NGA,2010,NaN,NA,0
NGA,2011,2908.60595,CA,0.75
NGA,2012,NaN,NA,0
NGA,2013,5381.0547,CA,0.75
NGA,2014,2409.10713,CA,0.75
NGA,2015,2281.38044,CA,0.75
NGA,2016,3433.45935,CA,0.75
NGA,2017,NaN,NA,0
NGA,2018,2234.1837,CA,0.75
NGA,2019,NaN,NA,0
NIC,2004,1.96928,CA,0.75
NIC,2005,NaN,NA,0
NIC,2006,9.65342,CA,0.75
NIC,2007,NaN,NA,0
NIC,2008,NaN,NA,0
NIC,2009,NaN,NA,0
NIC,2010,NaN,NA,0
NIC,2011,NaN,NA,0
NIC,2012,14.44058,CA,0.75
NIC,2013,NaN,NA,0
NIC,2014,NaN,NA,0
NIC,2015,NaN,NA,0
NIC,2016,NaN,NA,0
NIC,2017,NaN,NA,0
NIC,2018,NaN,NA,0
NIC,2019,NaN,NA,0
NIU,2004,NaN,NA,0
NIU,2005,NaN,NA,0
NIU,2006,NaN,NA,0
NIU,2007,NaN,NA,0
NIU,2008,NaN,NA,0
NIU,2009,NaN,NA,0
NIU,2010,NaN,NA,0
NIU,2011,NaN,NA,0
NIU,2012,NaN,NA,0
NIU,2013,NaN,NA,0
NIU,2014,NaN,NA,0
NIU,2015,NaN,NA,0
NIU,2016,NaN,NA,0
NIU,2017,NaN,NA,0
NIU,2018,NaN,NA,0
NIU,2019,NaN,NA,0
NLD,2004,NaN,NA,0
NLD,2005,NaN,NA,0
NLD,2006,NaN,NA,0
NLD,2007,NaN,NA,0
NLD,2008,NaN,NA,0
NLD,2009,NaN,NA,0
NLD,2010,NaN,NA,0
NLD,2011,NaN,NA,0
NLD,2012,NaN,NA,0
NLD,2013,NaN,NA,0
NLD,2014,NaN,NA,0
NLD,2015,NaN,NA,0
NLD,2016,NaN,NA,0
NLD,2017,NaN,NA,0
NLD,2018,NaN,NA,0
NLD,2019,NaN,NA,0
NOR,2004,NaN,NA,0
NOR,2005,NaN,NA,0
NOR,2006,NaN,NA,0
NOR,2007,NaN,NA,0
NOR,2008,NaN,NA,0
NOR,2009,NaN,NA,0
NOR,2010,NaN,NA,0
NOR,2011,NaN,NA,0
NOR,2012,NaN,NA,0
NOR,2013,NaN,NA,0
NOR,2014,NaN,NA,0
NOR,2015,NaN,NA,0
NOR,2016,NaN,NA,0
NOR,2017,NaN,NA,0
NOR,2018,NaN,NA,0
NOR,2019,NaN,NA,0
NPL,2004,NaN,NA,0
NPL,2005,NaN,NA,0
NPL,2006,411.63814,CA,0.75
NPL,2007,NaN,NA,0
NPL,2008,NaN,NA,0
NPL,2009,NaN,NA,0
NPL,2010,NaN,NA,0
NPL,2011,332.94506,CA,0.75
NPL,2012,NaN,NA,0
NPL,2013,NaN,NA,0
NPL,2014,317.96342,CA,0.75
NPL,2015,NaN,NA,0
NPL,2016,266.83784000000003,CA,0.75
NPL,2017,NaN,NA,0
NPL,2018,NaN,NA,0
NPL,2019,NaN,NA,0
NRU,2004,NaN,NA,0
NRU,2005,NaN,NA,0
NRU,2006,NaN,NA,0
NRU,2007,0.01,CA,0.75
NRU,2008,NaN,NA,0
NRU,2009,NaN,NA,0
NRU,2010,NaN,NA,0
NRU,2011,NaN,NA,0
NRU,2012,NaN,NA,0
NRU,2013,NaN,NA,0
NRU,2014,NaN,NA,0
NRU,2015,NaN,NA,0
NRU,2016,NaN,NA,0
NRU,2017,NaN,NA,0
NRU,2018,NaN,NA,0
NRU,2019,NaN,NA,0
NZL,2004,NaN,NA,0
NZL,2005,NaN,NA,0
NZL,2006,NaN,NA,0
NZL,2007,NaN,NA,0
NZL,2008,NaN,NA,0
NZL,2009,NaN,NA,0
NZL,2010,NaN,NA,0
NZL,2011,NaN,NA,0
NZL,2012,NaN,NA,0
NZL,2013,NaN,NA,0
NZL,2014,NaN,NA,0
NZL,2015,NaN,NA,0
NZL,2016,NaN,NA,0
NZL,2017,NaN,NA,0
NZL,2018,NaN,NA,0
NZL,2019,NaN,NA,0
OMN,2004,NaN,NA,0
OMN,2005,NaN,NA,0
OMN,2006,NaN,NA,0
OMN,2007,NaN,NA,0
OMN,2008,NaN,NA,0
OMN,2009,19.5566,CA,0.75
OMN,2010,NaN,NA,0
OMN,2011,NaN,NA,0
OMN,2012,NaN,NA,0
OMN,2013,NaN,NA,0
OMN,2014,27.46005,CA,0.75
OMN,2015,NaN,NA,0
OMN,2016,NaN,NA,0
OMN,2017,39.38643,CA,0.75
OMN,2018,NaN,NA,0
OMN,2019,NaN,NA,0
PAK,2004,NaN,NA,0
PAK,2005,NaN,NA,0
PAK,2006,NaN,NA,0
PAK,2007,NaN,NA,0
PAK,2008,NaN,NA,0
PAK,2009,NaN,NA,0
PAK,2010,NaN,NA,0
PAK,2011,3612.33042,CA,0.75
PAK,2012,NaN,NA,0
PAK,2013,2627.61203,CA,0.75
PAK,2014,NaN,NA,0
PAK,2015,NaN,NA,0
PAK,2016,NaN,NA,0
PAK,2017,NaN,NA,0
PAK,2018,1935.29983,CA,0.75
PAK,2019,NaN,NA,0
PAN,2004,NaN,NA,0
PAN,2005,NaN,NA,0
PAN,2006,NaN,NA,0
PAN,2007,NaN,NA,0
PAN,2008,4.48874,CA,0.75
PAN,2009,NaN,NA,0
PAN,2010,NaN,NA,0
PAN,2011,NaN,NA,0
PAN,2012,NaN,NA,0
PAN,2013,NaN,NA,0
PAN,2014,NaN,NA,0
PAN,2015,NaN,NA,0
PAN,2016,NaN,NA,0
PAN,2017,NaN,NA,0
PAN,2018,NaN,NA,0
PAN,2019,NaN,NA,0
PCN,2004,NaN,NA,0
PCN,2005,NaN,NA,0
PCN,2006,NaN,NA,0
PCN,2007,NaN,NA,0
PCN,2008,NaN,NA,0
PCN,2009,NaN,NA,0
PCN,2010,NaN,NA,0
PCN,2011,NaN,NA,0
PCN,2012,NaN,NA,0
PCN,2013,NaN,NA,0
PCN,2014,NaN,NA,0
PCN,2015,NaN,NA,0
PCN,2016,NaN,NA,0
PCN,2017,NaN,NA,0
PCN,2018,NaN,NA,0
PCN,2019,NaN,NA,0
PER,2004,NaN,NA,0
PER,2005,30.8207,CA,0.75
PER,2006,NaN,NA,0
PER,2007,23.40502,CA,0.75
PER,2008,NaN,NA,0
PER,2009,18.05338,CA,0.75
PER,2010,21.15375,CA,0.75
PER,2011,11.39385,CA,0.75
PER,2012,19.20089,CA,0.75
PER,2013,12.44722,CA,0.75
PER,2014,17.03166,CA,0.75
PER,2015,17.24477,CA,0.75
PER,2016,16.40665,CA,0.75
PER,2017,14.01337,CA,0.75
PER,2018,12.6938,CA,0.75
PER,2019,NaN,NA,0
PHL,2004,NaN,NA,0
PHL,2005,NaN,NA,0
PHL,2006,NaN,NA,0
PHL,2007,NaN,NA,0
PHL,2008,771.52626,CA,0.75
PHL,2009,NaN,NA,0
PHL,2010,NaN,NA,0
PHL,2011,778.45802,CA,0.75
PHL,2012,NaN,NA,0
PHL,2013,861.58313,CA,0.75
PHL,2014,NaN,NA,0
PHL,2015,782.72925,CA,0.75
PHL,2016,NaN,NA,0
PHL,2017,NaN,NA,0
PHL,2018,617.97495,CA,0.75
PHL,2019,NaN,NA,0
PLW,2004,NaN,NA,0
PLW,2005,NaN,NA,0
PLW,2006,NaN,NA,0
PLW,2007,NaN,NA,0
PLW,2008,NaN,NA,0
PLW,2009,NaN,NA,0
PLW,2010,NaN,NA,0
PLW,2011,NaN,NA,0
PLW,2012,NaN,NA,0
PLW,2013,NaN,NA,0
PLW,2014,NaN,NA,0
PLW,2015,NaN,NA,0
PLW,2016,NaN,NA,0
PLW,2017,NaN,NA,0
PLW,2018,NaN,NA,0
PLW,2019,NaN,NA,0
PNG,2004,NaN,NA,0
PNG,2005,41.70725,CA,0.75
PNG,2006,NaN,NA,0
PNG,2007,NaN,NA,0
PNG,2008,NaN,NA,0
PNG,2009,NaN,NA,0
PNG,2010,142.28292,CA,0.75
PNG,2011,NaN,NA,0
PNG,2012,NaN,NA,0
PNG,2013,NaN,NA,0
PNG,2014,NaN,NA,0
PNG,2015,NaN,NA,0
PNG,2016,NaN,NA,0
PNG,2017,NaN,NA,0
PNG,2018,NaN,NA,0
PNG,2019,NaN,NA,0
POL,2004,NaN,NA,0
POL,2005,NaN,NA,0
POL,2006,NaN,NA,0
POL,2007,NaN,NA,0
POL,2008,NaN,NA,0
POL,2009,NaN,NA,0
POL,2010,NaN,NA,0
POL,2011,NaN,NA,0
POL,2012,NaN,NA,0
POL,2013,NaN,NA,0
POL,2014,NaN,NA,0
POL,2015,NaN,NA,0
POL,2016,NaN,NA,0
POL,2017,NaN,NA,0
POL,2018,NaN,NA,0
POL,2019,NaN,NA,0
PRI,2004,NaN,NA,0
PRI,2005,NaN,NA,0
PRI,2006,NaN,NA,0
PRI,2007,NaN,NA,0
PRI,2008,NaN,NA,0
PRI,2009,NaN,NA,0
PRI,2010,NaN,NA,0
PRI,2011,NaN,NA,0
PRI,2012,NaN,NA,0
PRI,2013,NaN,NA,0
PRI,2014,NaN,NA,0
PRI,2015,NaN,NA,0
PRI,2016,NaN,NA,0
PRI,2017,NaN,NA,0
PRI,2018,NaN,NA,0
PRI,2019,NaN,NA,0
PRK,2004,163.88366,CA,0.75
PRK,2005,NaN,NA,0
PRK,2006,NaN,NA,0
PRK,2007,NaN,NA,0
PRK,2008,NaN,NA,0
PRK,2009,90.30351,CA,0.75
PRK,2010,NaN,NA,0
PRK,2011,NaN,NA,0
PRK,2012,65.87708,CA,0.75
PRK,2013,NaN,NA,0
PRK,2014,NaN,NA,0
PRK,2015,NaN,NA,0
PRK,2016,NaN,NA,0
PRK,2017,43.51375,CA,0.75
PRK,2018,NaN,NA,0
PRK,2019,NaN,NA,0
PRT,2004,NaN,NA,0
PRT,2005,NaN,NA,0
PRT,2006,NaN,NA,0
PRT,2007,NaN,NA,0
PRT,2008,NaN,NA,0
PRT,2009,NaN,NA,0
PRT,2010,NaN,NA,0
PRT,2011,NaN,NA,0
PRT,2012,NaN,NA,0
PRT,2013,NaN,NA,0
PRT,2014,NaN,NA,0
PRT,2015,NaN,NA,0
PRT,2016,NaN,NA,0
PRT,2017,NaN,NA,0
PRT,2018,NaN,NA,0
PRT,2019,NaN,NA,0
PRY,2004,NaN,NA,0
PRY,2005,7.45779,CA,0.75
PRY,2006,NaN,NA,0
PRY,2007,NaN,NA,0
PRY,2008,NaN,NA,0
PRY,2009,NaN,NA,0
PRY,2010,NaN,NA,0
PRY,2011,NaN,NA,0
PRY,2012,18.10519,CA,0.75
PRY,2013,NaN,NA,0
PRY,2014,NaN,NA,0
PRY,2015,NaN,NA,0
PRY,2016,6.58793,CA,0.75
PRY,2017,NaN,NA,0
PRY,2018,NaN,NA,0
PRY,2019,NaN,NA,0
PSE,2004,17.95961,CA,0.75
PSE,2005,NaN,NA,0
PSE,2006,10.2201,CA,0.75
PSE,2007,NaN,NA,0
PSE,2008,NaN,NA,0
PSE,2009,NaN,NA,0
PSE,2010,20.74271,CA,0.75
PSE,2011,NaN,NA,0
PSE,2012,NaN,NA,0
PSE,2013,NaN,NA,0
PSE,2014,8.00319,CA,0.75
PSE,2015,NaN,NA,0
PSE,2016,NaN,NA,0
PSE,2017,NaN,NA,0
PSE,2018,NaN,NA,0
PSE,2019,NaN,NA,0
PYF,2004,NaN,NA,0
PYF,2005,NaN,NA,0
PYF,2006,NaN,NA,0
PYF,2007,NaN,NA,0
PYF,2008,NaN,NA,0
PYF,2009,NaN,NA,0
PYF,2010,NaN,NA,0
PYF,2011,NaN,NA,0
PYF,2012,NaN,NA,0
PYF,2013,NaN,NA,0
PYF,2014,NaN,NA,0
PYF,2015,NaN,NA,0
PYF,2016,NaN,NA,0
PYF,2017,NaN,NA,0
PYF,2018,NaN,NA,0
PYF,2019,NaN,NA,0
QAT,2004,NaN,NA,0
QAT,2005,NaN,NA,0
QAT,2006,NaN,NA,0
QAT,2007,NaN,NA,0
QAT,2008,NaN,NA,0
QAT,2009,NaN,NA,0
QAT,2010,NaN,NA,0
QAT,2011,NaN,NA,0
QAT,2012,NaN,NA,0
QAT,2013,NaN,NA,0
QAT,2014,NaN,NA,0
QAT,2015,NaN,NA,0
QAT,2016,NaN,NA,0
QAT,2017,NaN,NA,0
QAT,2018,NaN,NA,0
QAT,2019,NaN,NA,0
REU,2004,NaN,NA,0
REU,2005,NaN,NA,0
REU,2006,NaN,NA,0
REU,2007,NaN,NA,0
REU,2008,NaN,NA,0
REU,2009,NaN,NA,0
REU,2010,NaN,NA,0
REU,2011,NaN,NA,0
REU,2012,NaN,NA,0
REU,2013,NaN,NA,0
REU,2014,NaN,NA,0
REU,2015,NaN,NA,0
REU,2016,NaN,NA,0
REU,2017,NaN,NA,0
REU,2018,NaN,NA,0
REU,2019,NaN,NA,0
ROU,2004,NaN,NA,0
ROU,2005,NaN,NA,0
ROU,2006,NaN,NA,0
ROU,2007,NaN,NA,0
ROU,2008,NaN,NA,0
ROU,2009,NaN,NA,0
ROU,2010,NaN,NA,0
ROU,2011,NaN,NA,0
ROU,2012,NaN,NA,0
ROU,2013,NaN,NA,0
ROU,2014,NaN,NA,0
ROU,2015,NaN,NA,0
ROU,2016,NaN,NA,0
ROU,2017,NaN,NA,0
ROU,2018,NaN,NA,0
ROU,2019,NaN,NA,0
RUS,2004,NaN,NA,0
RUS,2005,NaN,NA,0
RUS,2006,NaN,NA,0
RUS,2007,NaN,NA,0
RUS,2008,NaN,NA,0
RUS,2009,NaN,NA,0
RUS,2010,NaN,NA,0
RUS,2011,NaN,NA,0
RUS,2012,NaN,NA,0
RUS,2013,NaN,NA,0
RUS,2014,NaN,NA,0
RUS,2015,NaN,NA,0
RUS,2016,NaN,NA,0
RUS,2017,NaN,NA,0
RUS,2018,NaN,NA,0
RUS,2019,NaN,NA,0
RWA,2004,NaN,NA,0
RWA,2005,68.62599,CA,0.75
RWA,2006,NaN,NA,0
RWA,2007,NaN,NA,0
RWA,2008,NaN,NA,0
RWA,2009,71.07695,CA,0.75
RWA,2010,45.90814,CA,0.75
RWA,2011,NaN,NA,0
RWA,2012,39.52477,CA,0.75
RWA,2013,NaN,NA,0
RWA,2014,NaN,NA,0
RWA,2015,33.1982,CA,0.75
RWA,2016,NaN,NA,0
RWA,2017,NaN,NA,0
RWA,2018,NaN,NA,0
RWA,2019,NaN,NA,0
SAU,2004,NaN,NA,0
SAU,2005,322.85095,CA,0.75
SAU,2006,NaN,NA,0
SAU,2007,NaN,NA,0
SAU,2008,NaN,NA,0
SAU,2009,NaN,NA,0
SAU,2010,NaN,NA,0
SAU,2011,NaN,NA,0
SAU,2012,NaN,NA,0
SAU,2013,NaN,NA,0
SAU,2014,NaN,NA,0
SAU,2015,NaN,NA,0
SAU,2016,NaN,NA,0
SAU,2017,NaN,NA,0
SAU,2018,NaN,NA,0
SAU,2019,NaN,NA,0
SDN,2004,NaN,NA,0
SDN,2005,NaN,NA,0
SDN,2006,763.54361,CA,0.75
SDN,2007,NaN,NA,0
SDN,2008,NaN,NA,0
SDN,2009,NaN,NA,0
SDN,2010,854.66166,CA,0.75
SDN,2011,NaN,NA,0
SDN,2012,NaN,NA,0
SDN,2013,NaN,NA,0
SDN,2014,950.72204,CA,0.75
SDN,2015,NaN,NA,0
SDN,2016,NaN,NA,0
SDN,2017,NaN,NA,0
SDN,2018,NaN,NA,0
SDN,2019,NaN,NA,0
SEN,2004,NaN,NA,0
SEN,2005,159.75674,CA,0.75
SEN,2006,NaN,NA,0
SEN,2007,NaN,NA,0
SEN,2008,NaN,NA,0
SEN,2009,NaN,NA,0
SEN,2010,NaN,NA,0
SEN,2011,216.57529,CA,0.75
SEN,2012,198.86965,CA,0.75
SEN,2013,210.84648,CA,0.75
SEN,2014,140.75915,CA,0.75
SEN,2015,189.8333,CA,0.75
SEN,2016,177.66925,CA,0.75
SEN,2017,227.68115,CA,0.75
SEN,2018,NaN,NA,0
SEN,2019,210.40505,CA,0.75
SGP,2004,NaN,NA,0
SGP,2005,NaN,NA,0
SGP,2006,NaN,NA,0
SGP,2007,NaN,NA,0
SGP,2008,NaN,NA,0
SGP,2009,NaN,NA,0
SGP,2010,NaN,NA,0
SGP,2011,NaN,NA,0
SGP,2012,NaN,NA,0
SGP,2013,NaN,NA,0
SGP,2014,NaN,NA,0
SGP,2015,NaN,NA,0
SGP,2016,NaN,NA,0
SGP,2017,NaN,NA,0
SGP,2018,NaN,NA,0
SGP,2019,NaN,NA,0
SGS,2004,NaN,NA,0
SGS,2005,NaN,NA,0
SGS,2006,NaN,NA,0
SGS,2007,NaN,NA,0
SGS,2008,NaN,NA,0
SGS,2009,NaN,NA,0
SGS,2010,NaN,NA,0
SGS,2011,NaN,NA,0
SGS,2012,NaN,NA,0
SGS,2013,NaN,NA,0
SGS,2014,NaN,NA,0
SGS,2015,NaN,NA,0
SGS,2016,NaN,NA,0
SGS,2017,NaN,NA,0
SGS,2018,NaN,NA,0
SGS,2019,NaN,NA,0
SHN,2004,NaN,NA,0
SHN,2005,NaN,NA,0
SHN,2006,NaN,NA,0
SHN,2007,NaN,NA,0
SHN,2008,NaN,NA,0
SHN,2009,NaN,NA,0
SHN,2010,NaN,NA,0
SHN,2011,NaN,NA,0
SHN,2012,NaN,NA,0
SHN,2013,NaN,NA,0
SHN,2014,NaN,NA,0
SHN,2015,NaN,NA,0
SHN,2016,NaN,NA,0
SHN,2017,NaN,NA,0
SHN,2018,NaN,NA,0
SHN,2019,NaN,NA,0
SJM,2004,NaN,NA,0
SJM,2005,NaN,NA,0
SJM,2006,NaN,NA,0
SJM,2007,NaN,NA,0
SJM,2008,NaN,NA,0
SJM,2009,NaN,NA,0
SJM,2010,NaN,NA,0
SJM,2011,NaN,NA,0
SJM,2012,NaN,NA,0
SJM,2013,NaN,NA,0
SJM,2014,NaN,NA,0
SJM,2015,NaN,NA,0
SJM,2016,NaN,NA,0
SJM,2017,NaN,NA,0
SJM,2018,NaN,NA,0
SJM,2019,NaN,NA,0
SLB,2004,NaN,NA,0
SLB,2005,NaN,NA,0
SLB,2006,NaN,NA,0
SLB,2007,3.24315,CA,0.75
SLB,2008,NaN,NA,0
SLB,2009,NaN,NA,0
SLB,2010,NaN,NA,0
SLB,2011,NaN,NA,0
SLB,2012,NaN,NA,0
SLB,2013,NaN,NA,0
SLB,2014,NaN,NA,0
SLB,2015,7.92246,CA,0.75
SLB,2016,NaN,NA,0
SLB,2017,NaN,NA,0
SLB,2018,NaN,NA,0
SLB,2019,NaN,NA,0
SLE,2004,NaN,NA,0
SLE,2005,97.36211,CA,0.75
SLE,2006,NaN,NA,0
SLE,2007,NaN,NA,0
SLE,2008,108.10023,CA,0.75
SLE,2009,NaN,NA,0
SLE,2010,89.47776,CA,0.75
SLE,2011,NaN,NA,0
SLE,2012,NaN,NA,0
SLE,2013,102.50173,CA,0.75
SLE,2014,NaN,NA,0
SLE,2015,NaN,NA,0
SLE,2016,NaN,NA,0
SLE,2017,57.609610000000004,CA,0.75
SLE,2018,NaN,NA,0
SLE,2019,61.95479,CA,0.75
SLV,2004,NaN,NA,0
SLV,2005,NaN,NA,0
SLV,2006,NaN,NA,0
SLV,2007,NaN,NA,0
SLV,2008,9.74332,CA,0.75
SLV,2009,NaN,NA,0
SLV,2010,NaN,NA,0
SLV,2011,NaN,NA,0
SLV,2012,NaN,NA,0
SLV,2013,NaN,NA,0
SLV,2014,12.55798,CA,0.75
SLV,2015,NaN,NA,0
SLV,2016,NaN,NA,0
SLV,2017,NaN,NA,0
SLV,2018,NaN,NA,0
SLV,2019,NaN,NA,0
SMR,2004,NaN,NA,0
SMR,2005,NaN,NA,0
SMR,2006,NaN,NA,0
SMR,2007,NaN,NA,0
SMR,2008,NaN,NA,0
SMR,2009,NaN,NA,0
SMR,2010,NaN,NA,0
SMR,2011,NaN,NA,0
SMR,2012,NaN,NA,0
SMR,2013,NaN,NA,0
SMR,2014,NaN,NA,0
SMR,2015,NaN,NA,0
SMR,2016,NaN,NA,0
SMR,2017,NaN,NA,0
SMR,2018,NaN,NA,0
SMR,2019,NaN,NA,0
SOM,2004,NaN,NA,0
SOM,2005,NaN,NA,0
SOM,2006,272.64642,CA,0.75
SOM,2007,NaN,NA,0
SOM,2008,NaN,NA,0
SOM,2009,317.40086,CA,0.75
SOM,2010,NaN,NA,0
SOM,2011,NaN,NA,0
SOM,2012,NaN,NA,0
SOM,2013,NaN,NA,0
SOM,2014,NaN,NA,0
SOM,2015,NaN,NA,0
SOM,2016,NaN,NA,0
SOM,2017,NaN,NA,0
SOM,2018,NaN,NA,0
SOM,2019,NaN,NA,0
SPM,2004,NaN,NA,0
SPM,2005,NaN,NA,0
SPM,2006,NaN,NA,0
SPM,2007,NaN,NA,0
SPM,2008,NaN,NA,0
SPM,2009,NaN,NA,0
SPM,2010,NaN,NA,0
SPM,2011,NaN,NA,0
SPM,2012,NaN,NA,0
SPM,2013,NaN,NA,0
SPM,2014,NaN,NA,0
SPM,2015,NaN,NA,0
SPM,2016,NaN,NA,0
SPM,2017,NaN,NA,0
SPM,2018,NaN,NA,0
SPM,2019,NaN,NA,0
SRB,2004,NaN,NA,0
SRB,2005,24.12401,CA,0.75
SRB,2006,NaN,NA,0
SRB,2007,NaN,NA,0
SRB,2008,NaN,NA,0
SRB,2009,NaN,NA,0
SRB,2010,17.16966,CA,0.75
SRB,2011,NaN,NA,0
SRB,2012,NaN,NA,0
SRB,2013,NaN,NA,0
SRB,2014,17.30556,CA,0.75
SRB,2015,NaN,NA,0
SRB,2016,NaN,NA,0
SRB,2017,NaN,NA,0
SRB,2018,NaN,NA,0
SRB,2019,NaN,NA,0
SSD,2004,NaN,NA,0
SSD,2005,NaN,NA,0
SSD,2006,328.49831,CA,0.75
SSD,2007,NaN,NA,0
SSD,2008,NaN,NA,0
SSD,2009,NaN,NA,0
SSD,2010,360.02288,CA,0.75
SSD,2011,NaN,NA,0
SSD,2012,NaN,NA,0
SSD,2013,NaN,NA,0
SSD,2014,NaN,NA,0
SSD,2015,NaN,NA,0
SSD,2016,NaN,NA,0
SSD,2017,NaN,NA,0
SSD,2018,NaN,NA,0
SSD,2019,NaN,NA,0
STP,2004,NaN,NA,0
STP,2005,NaN,NA,0
STP,2006,2.70182,CA,0.75
STP,2007,NaN,NA,0
STP,2008,3.37228,CA,0.75
STP,2009,NaN,NA,0
STP,2010,NaN,NA,0
STP,2011,NaN,NA,0
STP,2012,NaN,NA,0
STP,2013,NaN,NA,0
STP,2014,1.23269,CA,0.75
STP,2015,NaN,NA,0
STP,2016,NaN,NA,0
STP,2017,NaN,NA,0
STP,2018,NaN,NA,0
STP,2019,NaN,NA,0
SUR,2004,NaN,NA,0
SUR,2005,NaN,NA,0
SUR,2006,2.61398,CA,0.75
SUR,2007,NaN,NA,0
SUR,2008,NaN,NA,0
SUR,2009,NaN,NA,0
SUR,2010,2.612,CA,0.75
SUR,2011,NaN,NA,0
SUR,2012,NaN,NA,0
SUR,2013,NaN,NA,0
SUR,2014,NaN,NA,0
SUR,2015,NaN,NA,0
SUR,2016,NaN,NA,0
SUR,2017,NaN,NA,0
SUR,2018,NaN,NA,0
SUR,2019,NaN,NA,0
SVK,2004,NaN,NA,0
SVK,2005,NaN,NA,0
SVK,2006,NaN,NA,0
SVK,2007,NaN,NA,0
SVK,2008,NaN,NA,0
SVK,2009,NaN,NA,0
SVK,2010,NaN,NA,0
SVK,2011,NaN,NA,0
SVK,2012,NaN,NA,0
SVK,2013,NaN,NA,0
SVK,2014,NaN,NA,0
SVK,2015,NaN,NA,0
SVK,2016,NaN,NA,0
SVK,2017,NaN,NA,0
SVK,2018,NaN,NA,0
SVK,2019,NaN,NA,0
SVN,2004,NaN,NA,0
SVN,2005,NaN,NA,0
SVN,2006,NaN,NA,0
SVN,2007,NaN,NA,0
SVN,2008,NaN,NA,0
SVN,2009,NaN,NA,0
SVN,2010,NaN,NA,0
SVN,2011,NaN,NA,0
SVN,2012,NaN,NA,0
SVN,2013,NaN,NA,0
SVN,2014,NaN,NA,0
SVN,2015,NaN,NA,0
SVN,2016,NaN,NA,0
SVN,2017,NaN,NA,0
SVN,2018,NaN,NA,0
SVN,2019,NaN,NA,0
SWE,2004,NaN,NA,0
SWE,2005,NaN,NA,0
SWE,2006,NaN,NA,0
SWE,2007,NaN,NA,0
SWE,2008,NaN,NA,0
SWE,2009,NaN,NA,0
SWE,2010,NaN,NA,0
SWE,2011,NaN,NA,0
SWE,2012,NaN,NA,0
SWE,2013,NaN,NA,0
SWE,2014,NaN,NA,0
SWE,2015,NaN,NA,0
SWE,2016,NaN,NA,0
SWE,2017,NaN,NA,0
SWE,2018,NaN,NA,0
SWE,2019,NaN,NA,0
SWZ,2004,NaN,NA,0
SWZ,2005,NaN,NA,0
SWZ,2006,4.22575,CA,0.75
SWZ,2007,NaN,NA,0
SWZ,2008,1.64916,CA,0.75
SWZ,2009,NaN,NA,0
SWZ,2010,1.15722,CA,0.75
SWZ,2011,NaN,NA,0
SWZ,2012,NaN,NA,0
SWZ,2013,NaN,NA,0
SWZ,2014,2.93447,CA,0.75
SWZ,2015,NaN,NA,0
SWZ,2016,NaN,NA,0
SWZ,2017,NaN,NA,0
SWZ,2018,NaN,NA,0
SWZ,2019,NaN,NA,0
SXM,2004,NaN,NA,0
SXM,2005,NaN,NA,0
SXM,2006,NaN,NA,0
SXM,2007,NaN,NA,0
SXM,2008,NaN,NA,0
SXM,2009,NaN,NA,0
SXM,2010,NaN,NA,0
SXM,2011,NaN,NA,0
SXM,2012,NaN,NA,0
SXM,2013,NaN,NA,0
SXM,2014,NaN,NA,0
SXM,2015,NaN,NA,0
SXM,2016,NaN,NA,0
SXM,2017,NaN,NA,0
SXM,2018,NaN,NA,0
SXM,2019,NaN,NA,0
SYC,2004,NaN,NA,0
SYC,2005,NaN,NA,0
SYC,2006,NaN,NA,0
SYC,2007,NaN,NA,0
SYC,2008,NaN,NA,0
SYC,2009,NaN,NA,0
SYC,2010,NaN,NA,0
SYC,2011,NaN,NA,0
SYC,2012,0.33609,CA,0.75
SYC,2013,NaN,NA,0
SYC,2014,NaN,NA,0
SYC,2015,NaN,NA,0
SYC,2016,NaN,NA,0
SYC,2017,NaN,NA,0
SYC,2018,NaN,NA,0
SYC,2019,NaN,NA,0
SYR,2004,NaN,NA,0
SYR,2005,NaN,NA,0
SYR,2006,271.0352,CA,0.75
SYR,2007,NaN,NA,0
SYR,2008,NaN,NA,0
SYR,2009,NaN,NA,0
SYR,2010,339.8188,CA,0.75
SYR,2011,NaN,NA,0
SYR,2012,NaN,NA,0
SYR,2013,NaN,NA,0
SYR,2014,NaN,NA,0
SYR,2015,NaN,NA,0
SYR,2016,NaN,NA,0
SYR,2017,NaN,NA,0
SYR,2018,NaN,NA,0
SYR,2019,NaN,NA,0
TCA,2004,NaN,NA,0
TCA,2005,NaN,NA,0
TCA,2006,NaN,NA,0
TCA,2007,NaN,NA,0
TCA,2008,NaN,NA,0
TCA,2009,NaN,NA,0
TCA,2010,NaN,NA,0
TCA,2011,NaN,NA,0
TCA,2012,NaN,NA,0
TCA,2013,NaN,NA,0
TCA,2014,NaN,NA,0
TCA,2015,NaN,NA,0
TCA,2016,NaN,NA,0
TCA,2017,NaN,NA,0
TCA,2018,NaN,NA,0
TCA,2019,NaN,NA,0
TCD,2004,316.57219,CA,0.75
TCD,2005,NaN,NA,0
TCD,2006,NaN,NA,0
TCD,2007,NaN,NA,0
TCD,2008,NaN,NA,0
TCD,2009,NaN,NA,0
TCD,2010,378.43205,CA,0.75
TCD,2011,NaN,NA,0
TCD,2012,NaN,NA,0
TCD,2013,NaN,NA,0
TCD,2014,NaN,NA,0
TCD,2015,349.8796,CA,0.75
TCD,2016,NaN,NA,0
TCD,2017,NaN,NA,0
TCD,2018,NaN,NA,0
TCD,2019,NaN,NA,0
TGO,2004,NaN,NA,0
TGO,2005,NaN,NA,0
TGO,2006,151.35889,CA,0.75
TGO,2007,NaN,NA,0
TGO,2008,61.34304,CA,0.75
TGO,2009,NaN,NA,0
TGO,2010,50.97717,CA,0.75
TGO,2011,NaN,NA,0
TGO,2012,60.93195,CA,0.75
TGO,2013,NaN,NA,0
TGO,2014,75.2249,CA,0.75
TGO,2015,NaN,NA,0
TGO,2016,NaN,NA,0
TGO,2017,58.7153,CA,0.75
TGO,2018,NaN,NA,0
TGO,2019,NaN,NA,0
THA,2004,NaN,NA,0
THA,2005,NaN,NA,0
THA,2006,197.96699,CA,0.75
THA,2007,NaN,NA,0
THA,2008,NaN,NA,0
THA,2009,NaN,NA,0
THA,2010,NaN,NA,0
THA,2011,NaN,NA,0
THA,2012,268.95125,CA,0.75
THA,2013,NaN,NA,0
THA,2014,NaN,NA,0
THA,2015,NaN,NA,0
THA,2016,203.90073,CA,0.75
THA,2017,NaN,NA,0
THA,2018,NaN,NA,0
THA,2019,NaN,NA,0
TJK,2004,NaN,NA,0
TJK,2005,74.46281,CA,0.75
TJK,2006,NaN,NA,0
TJK,2007,60.87628,CA,0.75
TJK,2008,NaN,NA,0
TJK,2009,41.00902,CA,0.75
TJK,2010,NaN,NA,0
TJK,2011,NaN,NA,0
TJK,2012,108.84857,CA,0.75
TJK,2013,NaN,NA,0
TJK,2014,NaN,NA,0
TJK,2015,NaN,NA,0
TJK,2016,45.47569,CA,0.75
TJK,2017,72.51473,CA,0.75
TJK,2018,NaN,NA,0
TJK,2019,NaN,NA,0
TKL,2004,NaN,NA,0
TKL,2005,NaN,NA,0
TKL,2006,NaN,NA,0
TKL,2007,NaN,NA,0
TKL,2008,NaN,NA,0
TKL,2009,NaN,NA,0
TKL,2010,NaN,NA,0
TKL,2011,NaN,NA,0
TKL,2012,NaN,NA,0
TKL,2013,NaN,NA,0
TKL,2014,NaN,NA,0
TKL,2015,NaN,NA,0
TKL,2016,NaN,NA,0
TKL,2017,NaN,NA,0
TKL,2018,NaN,NA,0
TKL,2019,NaN,NA,0
TKM,2004,NaN,NA,0
TKM,2005,NaN,NA,0
TKM,2006,37.67997,CA,0.75
TKM,2007,NaN,NA,0
TKM,2008,NaN,NA,0
TKM,2009,NaN,NA,0
TKM,2010,NaN,NA,0
TKM,2011,NaN,NA,0
TKM,2012,NaN,NA,0
TKM,2013,NaN,NA,0
TKM,2014,NaN,NA,0
TKM,2015,28.2697,CA,0.75
TKM,2016,NaN,NA,0
TKM,2017,NaN,NA,0
TKM,2018,NaN,NA,0
TKM,2019,NaN,NA,0
TLS,2004,NaN,NA,0
TLS,2005,NaN,NA,0
TLS,2006,NaN,NA,0
TLS,2007,36.06039,CA,0.75
TLS,2008,NaN,NA,0
TLS,2009,30.85671,CA,0.75
TLS,2010,NaN,NA,0
TLS,2011,NaN,NA,0
TLS,2012,NaN,NA,0
TLS,2013,15.31388,CA,0.75
TLS,2014,NaN,NA,0
TLS,2015,NaN,NA,0
TLS,2016,NaN,NA,0
TLS,2017,NaN,NA,0
TLS,2018,NaN,NA,0
TLS,2019,NaN,NA,0
TON,2004,NaN,NA,0
TON,2005,NaN,NA,0
TON,2006,NaN,NA,0
TON,2007,NaN,NA,0
TON,2008,NaN,NA,0
TON,2009,NaN,NA,0
TON,2010,NaN,NA,0
TON,2011,NaN,NA,0
TON,2012,0.69056,CA,0.75
TON,2013,NaN,NA,0
TON,2014,NaN,NA,0
TON,2015,NaN,NA,0
TON,2016,NaN,NA,0
TON,2017,NaN,NA,0
TON,2018,NaN,NA,0
TON,2019,NaN,NA,0
TTO,2004,NaN,NA,0
TTO,2005,NaN,NA,0
TTO,2006,NaN,NA,0
TTO,2007,NaN,NA,0
TTO,2008,NaN,NA,0
TTO,2009,NaN,NA,0
TTO,2010,NaN,NA,0
TTO,2011,6.24164,CA,0.75
TTO,2012,NaN,NA,0
TTO,2013,NaN,NA,0
TTO,2014,NaN,NA,0
TTO,2015,NaN,NA,0
TTO,2016,NaN,NA,0
TTO,2017,NaN,NA,0
TTO,2018,NaN,NA,0
TTO,2019,NaN,NA,0
TUN,2004,NaN,NA,0
TUN,2005,NaN,NA,0
TUN,2006,27.27881,CA,0.75
TUN,2007,NaN,NA,0
TUN,2008,NaN,NA,0
TUN,2009,NaN,NA,0
TUN,2010,NaN,NA,0
TUN,2011,NaN,NA,0
TUN,2012,25.44785,CA,0.75
TUN,2013,NaN,NA,0
TUN,2014,NaN,NA,0
TUN,2015,NaN,NA,0
TUN,2016,NaN,NA,0
TUN,2017,NaN,NA,0
TUN,2018,21.49774,CA,0.75
TUN,2019,NaN,NA,0
TUR,2004,69.15271,CA,0.75
TUR,2005,NaN,NA,0
TUR,2006,NaN,NA,0
TUR,2007,NaN,NA,0
TUR,2008,61.34755,CA,0.75
TUR,2009,NaN,NA,0
TUR,2010,NaN,NA,0
TUR,2011,NaN,NA,0
TUR,2012,NaN,NA,0
TUR,2013,123.09403,CA,0.75
TUR,2014,NaN,NA,0
TUR,2015,NaN,NA,0
TUR,2016,NaN,NA,0
TUR,2017,NaN,NA,0
TUR,2018,114.73766,CA,0.75
TUR,2019,NaN,NA,0
TUV,2004,NaN,NA,0
TUV,2005,NaN,NA,0
TUV,2006,NaN,NA,0
TUV,2007,0.033,CA,0.75
TUV,2008,NaN,NA,0
TUV,2009,NaN,NA,0
TUV,2010,NaN,NA,0
TUV,2011,NaN,NA,0
TUV,2012,NaN,NA,0
TUV,2013,NaN,NA,0
TUV,2014,NaN,NA,0
TUV,2015,NaN,NA,0
TUV,2016,NaN,NA,0
TUV,2017,NaN,NA,0
TUV,2018,NaN,NA,0
TUV,2019,NaN,NA,0
TZA,2004,232.31451,CA,0.75
TZA,2005,NaN,NA,0
TZA,2006,NaN,NA,0
TZA,2007,NaN,NA,0
TZA,2008,NaN,NA,0
TZA,2009,222.00817,CA,0.75
TZA,2010,385.46264,CA,0.75
TZA,2011,504.13622,CA,0.75
TZA,2012,NaN,NA,0
TZA,2013,373.85927,CA,0.75
TZA,2014,326.55737,CA,0.75
TZA,2015,395.09029,CA,0.75
TZA,2016,NaN,NA,0
TZA,2017,NaN,NA,0
TZA,2018,326.06375,CA,0.75
TZA,2019,NaN,NA,0
UGA,2004,NaN,NA,0
UGA,2005,NaN,NA,0
UGA,2006,350.7367,CA,0.75
UGA,2007,NaN,NA,0
UGA,2008,NaN,NA,0
UGA,2009,270.97745,CA,0.75
UGA,2010,NaN,NA,0
UGA,2011,298.65783,CA,0.75
UGA,2012,272.60891,CA,0.75
UGA,2013,NaN,NA,0
UGA,2014,263.49349,CA,0.75
UGA,2015,NaN,NA,0
UGA,2016,249.94937,CA,0.75
UGA,2017,NaN,NA,0
UGA,2018,NaN,NA,0
UGA,2019,NaN,NA,0
UKR,2004,NaN,NA,0
UKR,2005,NaN,NA,0
UKR,2006,NaN,NA,0
UKR,2007,NaN,NA,0
UKR,2008,NaN,NA,0
UKR,2009,NaN,NA,0
UKR,2010,NaN,NA,0
UKR,2011,NaN,NA,0
UKR,2012,NaN,NA,0
UKR,2013,NaN,NA,0
UKR,2014,NaN,NA,0
UKR,2015,NaN,NA,0
UKR,2016,NaN,NA,0
UKR,2017,NaN,NA,0
UKR,2018,NaN,NA,0
UKR,2019,NaN,NA,0
UMI,2004,NaN,NA,0
UMI,2005,NaN,NA,0
UMI,2006,NaN,NA,0
UMI,2007,NaN,NA,0
UMI,2008,NaN,NA,0
UMI,2009,NaN,NA,0
UMI,2010,NaN,NA,0
UMI,2011,NaN,NA,0
UMI,2012,NaN,NA,0
UMI,2013,NaN,NA,0
UMI,2014,NaN,NA,0
UMI,2015,NaN,NA,0
UMI,2016,NaN,NA,0
UMI,2017,NaN,NA,0
UMI,2018,NaN,NA,0
UMI,2019,NaN,NA,0
URY,2004,7.67955,CA,0.75
URY,2005,NaN,NA,0
URY,2006,NaN,NA,0
URY,2007,6.16393,CA,0.75
URY,2008,NaN,NA,0
URY,2009,NaN,NA,0
URY,2010,NaN,NA,0
URY,2011,3.05183,CA,0.75
URY,2012,NaN,NA,0
URY,2013,NaN,NA,0
URY,2014,NaN,NA,0
URY,2015,NaN,NA,0
URY,2016,NaN,NA,0
URY,2017,NaN,NA,0
URY,2018,NaN,NA,0
URY,2019,NaN,NA,0
USA,2004,NaN,NA,0
USA,2005,162.1603,CA,0.75
USA,2006,NaN,NA,0
USA,2007,NaN,NA,0
USA,2008,NaN,NA,0
USA,2009,104.87315,CA,0.75
USA,2010,NaN,NA,0
USA,2011,NaN,NA,0
USA,2012,103.39593,CA,0.75
USA,2013,NaN,NA,0
USA,2014,60.45365,CA,0.75
USA,2015,NaN,NA,0
USA,2016,78.38071,CA,0.75
USA,2017,NaN,NA,0
USA,2018,NaN,NA,0
USA,2019,NaN,NA,0
UZB,2004,NaN,NA,0
UZB,2005,NaN,NA,0
UZB,2006,115.06301,CA,0.75
UZB,2007,NaN,NA,0
UZB,2008,NaN,NA,0
UZB,2009,NaN,NA,0
UZB,2010,NaN,NA,0
UZB,2011,NaN,NA,0
UZB,2012,NaN,NA,0
UZB,2013,NaN,NA,0
UZB,2014,NaN,NA,0
UZB,2015,NaN,NA,0
UZB,2016,NaN,NA,0
UZB,2017,61.43641,CA,0.75
UZB,2018,NaN,NA,0
UZB,2019,NaN,NA,0
VAT,2004,NaN,NA,0
VAT,2005,NaN,NA,0
VAT,2006,NaN,NA,0
VAT,2007,NaN,NA,0
VAT,2008,NaN,NA,0
VAT,2009,NaN,NA,0
VAT,2010,NaN,NA,0
VAT,2011,NaN,NA,0
VAT,2012,NaN,NA,0
VAT,2013,NaN,NA,0
VAT,2014,NaN,NA,0
VAT,2015,NaN,NA,0
VAT,2016,NaN,NA,0
VAT,2017,NaN,NA,0
VAT,2018,NaN,NA,0
VAT,2019,NaN,NA,0
VCT,2004,NaN,NA,0
VCT,2005,NaN,NA,0
VCT,2006,NaN,NA,0
VCT,2007,NaN,NA,0
VCT,2008,NaN,NA,0
VCT,2009,NaN,NA,0
VCT,2010,NaN,NA,0
VCT,2011,NaN,NA,0
VCT,2012,NaN,NA,0
VCT,2013,NaN,NA,0
VCT,2014,NaN,NA,0
VCT,2015,NaN,NA,0
VCT,2016,NaN,NA,0
VCT,2017,NaN,NA,0
VCT,2018,NaN,NA,0
VCT,2019,NaN,NA,0
VEN,2004,148.06834,CA,0.75
VEN,2005,137.15011,CA,0.75
VEN,2006,137.95301,CA,0.75
VEN,2007,144.1377,CA,0.75
VEN,2008,129.91563,CA,0.75
VEN,2009,118.56782,CA,0.75
VEN,2010,NaN,NA,0
VEN,2011,NaN,NA,0
VEN,2012,NaN,NA,0
VEN,2013,NaN,NA,0
VEN,2014,NaN,NA,0
VEN,2015,NaN,NA,0
VEN,2016,NaN,NA,0
VEN,2017,NaN,NA,0
VEN,2018,NaN,NA,0
VEN,2019,NaN,NA,0
VGB,2004,NaN,NA,0
VGB,2005,NaN,NA,0
VGB,2006,NaN,NA,0
VGB,2007,NaN,NA,0
VGB,2008,NaN,NA,0
VGB,2009,NaN,NA,0
VGB,2010,NaN,NA,0
VGB,2011,NaN,NA,0
VGB,2012,NaN,NA,0
VGB,2013,NaN,NA,0
VGB,2014,NaN,NA,0
VGB,2015,NaN,NA,0
VGB,2016,NaN,NA,0
VGB,2017,NaN,NA,0
VGB,2018,NaN,NA,0
VGB,2019,NaN,NA,0
VIR,2004,NaN,NA,0
VIR,2005,NaN,NA,0
VIR,2006,NaN,NA,0
VIR,2007,NaN,NA,0
VIR,2008,NaN,NA,0
VIR,2009,NaN,NA,0
VIR,2010,NaN,NA,0
VIR,2011,NaN,NA,0
VIR,2012,NaN,NA,0
VIR,2013,NaN,NA,0
VIR,2014,NaN,NA,0
VIR,2015,NaN,NA,0
VIR,2016,NaN,NA,0
VIR,2017,NaN,NA,0
VIR,2018,NaN,NA,0
VIR,2019,NaN,NA,0
VNM,2004,749.1596,CA,0.75
VNM,2005,716.58082,CA,0.75
VNM,2006,685.31018,CA,0.75
VNM,2007,711.48228,CA,0.75
VNM,2008,687.68393,CA,0.75
VNM,2009,NaN,NA,0
VNM,2010,296.96384,CA,0.75
VNM,2011,484.63853,CA,0.75
VNM,2012,498.05361,CA,0.75
VNM,2013,495.3692,CA,0.75
VNM,2014,514.88736,CA,0.75
VNM,2015,489.13734,CA,0.75
VNM,2016,NaN,NA,0
VNM,2017,449.14463,CA,0.75
VNM,2018,NaN,NA,0
VNM,2019,NaN,NA,0
VUT,2004,NaN,NA,0
VUT,2005,NaN,NA,0
VUT,2006,NaN,NA,0
VUT,2007,1.8098,CA,0.75
VUT,2008,NaN,NA,0
VUT,2009,NaN,NA,0
VUT,2010,NaN,NA,0
VUT,2011,NaN,NA,0
VUT,2012,NaN,NA,0
VUT,2013,1.78559,CA,0.75
VUT,2014,NaN,NA,0
VUT,2015,NaN,NA,0
VUT,2016,NaN,NA,0
VUT,2017,NaN,NA,0
VUT,2018,NaN,NA,0
VUT,2019,NaN,NA,0
WLF,2004,NaN,NA,0
WLF,2005,NaN,NA,0
WLF,2006,NaN,NA,0
WLF,2007,NaN,NA,0
WLF,2008,NaN,NA,0
WLF,2009,NaN,NA,0
WLF,2010,NaN,NA,0
WLF,2011,NaN,NA,0
WLF,2012,NaN,NA,0
WLF,2013,NaN,NA,0
WLF,2014,NaN,NA,0
WLF,2015,NaN,NA,0
WLF,2016,NaN,NA,0
WLF,2017,NaN,NA,0
WLF,2018,NaN,NA,0
WLF,2019,NaN,NA,0
WSM,2004,NaN,NA,0
WSM,2005,NaN,NA,0
WSM,2006,NaN,NA,0
WSM,2007,NaN,NA,0
WSM,2008,NaN,NA,0
WSM,2009,NaN,NA,0
WSM,2010,NaN,NA,0
WSM,2011,NaN,NA,0
WSM,2012,NaN,NA,0
WSM,2013,NaN,NA,0
WSM,2014,1.10558,CA,0.75
WSM,2015,NaN,NA,0
WSM,2016,NaN,NA,0
WSM,2017,NaN,NA,0
WSM,2018,NaN,NA,0
WSM,2019,NaN,NA,0
YEM,2004,NaN,NA,0
YEM,2005,453.45271,CA,0.75
YEM,2006,NaN,NA,0
YEM,2007,NaN,NA,0
YEM,2008,NaN,NA,0
YEM,2009,NaN,NA,0
YEM,2010,NaN,NA,0
YEM,2011,490.21619,CA,0.75
YEM,2012,NaN,NA,0
YEM,2013,629.10591,CA,0.75
YEM,2014,NaN,NA,0
YEM,2015,NaN,NA,0
YEM,2016,NaN,NA,0
YEM,2017,NaN,NA,0
YEM,2018,NaN,NA,0
YEM,2019,NaN,NA,0
ZAF,2004,379.8171,CA,0.75
ZAF,2005,NaN,NA,0
ZAF,2006,NaN,NA,0
ZAF,2007,NaN,NA,0
ZAF,2008,252.61743,CA,0.75
ZAF,2009,NaN,NA,0
ZAF,2010,NaN,NA,0
ZAF,2011,NaN,NA,0
ZAF,2012,323.59159,CA,0.75
ZAF,2013,NaN,NA,0
ZAF,2014,NaN,NA,0
ZAF,2015,NaN,NA,0
ZAF,2016,142.51148,CA,0.75
ZAF,2017,NaN,NA,0
ZAF,2018,NaN,NA,0
ZAF,2019,NaN,NA,0
ZMB,2004,NaN,NA,0
ZMB,2005,NaN,NA,0
ZMB,2006,NaN,NA,0
ZMB,2007,130.20163,CA,0.75
ZMB,2008,NaN,NA,0
ZMB,2009,NaN,NA,0
ZMB,2010,NaN,NA,0
ZMB,2011,NaN,NA,0
ZMB,2012,NaN,NA,0
ZMB,2013,165.21602,CA,0.75
ZMB,2014,NaN,NA,0
ZMB,2015,NaN,NA,0
ZMB,2016,NaN,NA,0
ZMB,2017,NaN,NA,0
ZMB,2018,121.3094,CA,0.75
ZMB,2019,NaN,NA,0
ZWE,2004,NaN,NA,0
ZWE,2005,127.89672,CA,0.75
ZWE,2006,NaN,NA,0
ZWE,2007,NaN,NA,0
ZWE,2008,NaN,NA,0
ZWE,2009,47.17373,CA,0.75
ZWE,2010,63.00362,CA,0.75
ZWE,2011,NaN,NA,0
ZWE,2012,NaN,NA,0
ZWE,2013,NaN,NA,0
ZWE,2014,72.5143,CA,0.75
ZWE,2015,74.35075,CA,0.75
ZWE,2016,NaN,NA,0
ZWE,2017,NaN,NA,0
ZWE,2018,NaN,NA,0
ZWE,2019,61.43,CA,0.75
NA,2004,NaN,NA,0
NA,2005,NaN,NA,0
NA,2006,NaN,NA,0
NA,2007,NaN,NA,0
NA,2008,NaN,NA,0
NA,2009,NaN,NA,0
NA,2010,NaN,NA,0
NA,2011,NaN,NA,0
NA,2012,NaN,NA,0
NA,2013,NaN,NA,0
NA,2014,NaN,NA,0
NA,2015,NaN,NA,0
NA,2016,NaN,NA,0
NA,2017,NaN,NA,0
NA,2018,NaN,NA,0
NA,2019,NaN,NA,0
